1900708000|Akbar|Basilan|Bangsamoro Autonomous Region In Muslim Mindanao (BARMM)
1900709000|Al-Barka|Basilan|Bangsamoro Autonomous Region In Muslim Mindanao (BARMM)
1900702000|City of Lamitan|Basilan|Bangsamoro Autonomous Region In Muslim Mindanao (BARMM)
1900710000|Hadji Mohammad Ajul|Basilan|Bangsamoro Autonomous Region In Muslim Mindanao (BARMM)
1900712000|Hadji Muhtamad|Basilan|Bangsamoro Autonomous Region In Muslim Mindanao (BARMM)
1900703000|Lantawan|Basilan|Bangsamoro Autonomous Region In Muslim Mindanao (BARMM)
1900704000|Maluso|Basilan|Bangsamoro Autonomous Region In Muslim Mindanao (BARMM)
1900705000|Sumisip|Basilan|Bangsamoro Autonomous Region In Muslim Mindanao (BARMM)
1900713000|Tabuan-Lasa|Basilan|Bangsamoro Autonomous Region In Muslim Mindanao (BARMM)
1900706000|Tipo-Tipo|Basilan|Bangsamoro Autonomous Region In Muslim Mindanao (BARMM)
1900707000|Tuburan|Basilan|Bangsamoro Autonomous Region In Muslim Mindanao (BARMM)
1900711000|Ungkaya Pukan|Basilan|Bangsamoro Autonomous Region In Muslim Mindanao (BARMM)
1903637000|Amai Manabilang|Lanao del Sur|Bangsamoro Autonomous Region In Muslim Mindanao (BARMM)
1903601000|Bacolod-Kalawi|Lanao del Sur|Bangsamoro Autonomous Region In Muslim Mindanao (BARMM)
1903602000|Balabagan|Lanao del Sur|Bangsamoro Autonomous Region In Muslim Mindanao (BARMM)
1903603000|Balindong|Lanao del Sur|Bangsamoro Autonomous Region In Muslim Mindanao (BARMM)
1903604000|Bayang|Lanao del Sur|Bangsamoro Autonomous Region In Muslim Mindanao (BARMM)
1903605000|Binidayan|Lanao del Sur|Bangsamoro Autonomous Region In Muslim Mindanao (BARMM)
1903633000|Buadiposo-Buntong|Lanao del Sur|Bangsamoro Autonomous Region In Muslim Mindanao (BARMM)
1903606000|Bubong|Lanao del Sur|Bangsamoro Autonomous Region In Muslim Mindanao (BARMM)
1903607000|Butig|Lanao del Sur|Bangsamoro Autonomous Region In Muslim Mindanao (BARMM)
1903632000|Calanogas|Lanao del Sur|Bangsamoro Autonomous Region In Muslim Mindanao (BARMM)
1903617000|City of Marawi|Lanao del Sur|Bangsamoro Autonomous Region In Muslim Mindanao (BARMM)
1903624000|Ditsaan-Ramain|Lanao del Sur|Bangsamoro Autonomous Region In Muslim Mindanao (BARMM)
1903609000|Ganassi|Lanao del Sur|Bangsamoro Autonomous Region In Muslim Mindanao (BARMM)
1903610000|Kapai|Lanao del Sur|Bangsamoro Autonomous Region In Muslim Mindanao (BARMM)
1903639000|Kapatagan|Lanao del Sur|Bangsamoro Autonomous Region In Muslim Mindanao (BARMM)
1903611000|Lumba-Bayabao|Lanao del Sur|Bangsamoro Autonomous Region In Muslim Mindanao (BARMM)
1903641000|Lumbaca-Unayan|Lanao del Sur|Bangsamoro Autonomous Region In Muslim Mindanao (BARMM)
1903612000|Lumbatan|Lanao del Sur|Bangsamoro Autonomous Region In Muslim Mindanao (BARMM)
1903636000|Lumbayanague|Lanao del Sur|Bangsamoro Autonomous Region In Muslim Mindanao (BARMM)
1903613000|Madalum|Lanao del Sur|Bangsamoro Autonomous Region In Muslim Mindanao (BARMM)
1903614000|Madamba|Lanao del Sur|Bangsamoro Autonomous Region In Muslim Mindanao (BARMM)
1903634000|Maguing|Lanao del Sur|Bangsamoro Autonomous Region In Muslim Mindanao (BARMM)
1903615000|Malabang|Lanao del Sur|Bangsamoro Autonomous Region In Muslim Mindanao (BARMM)
1903616000|Marantao|Lanao del Sur|Bangsamoro Autonomous Region In Muslim Mindanao (BARMM)
1903631000|Marogong|Lanao del Sur|Bangsamoro Autonomous Region In Muslim Mindanao (BARMM)
1903618000|Masiu|Lanao del Sur|Bangsamoro Autonomous Region In Muslim Mindanao (BARMM)
1903619000|Mulondo|Lanao del Sur|Bangsamoro Autonomous Region In Muslim Mindanao (BARMM)
1903620000|Pagayawan|Lanao del Sur|Bangsamoro Autonomous Region In Muslim Mindanao (BARMM)
1903621000|Piagapo|Lanao del Sur|Bangsamoro Autonomous Region In Muslim Mindanao (BARMM)
1903635000|Picong|Lanao del Sur|Bangsamoro Autonomous Region In Muslim Mindanao (BARMM)
1903622000|Poona Bayabao|Lanao del Sur|Bangsamoro Autonomous Region In Muslim Mindanao (BARMM)
1903623000|Pualas|Lanao del Sur|Bangsamoro Autonomous Region In Muslim Mindanao (BARMM)
1903625000|Saguiaran|Lanao del Sur|Bangsamoro Autonomous Region In Muslim Mindanao (BARMM)
1903640000|Sultan Dumalondong|Lanao del Sur|Bangsamoro Autonomous Region In Muslim Mindanao (BARMM)
1903638000|Tagoloan II|Lanao del Sur|Bangsamoro Autonomous Region In Muslim Mindanao (BARMM)
1903626000|Tamparan|Lanao del Sur|Bangsamoro Autonomous Region In Muslim Mindanao (BARMM)
1903627000|Taraka|Lanao del Sur|Bangsamoro Autonomous Region In Muslim Mindanao (BARMM)
1903628000|Tubaran|Lanao del Sur|Bangsamoro Autonomous Region In Muslim Mindanao (BARMM)
1903629000|Tugaya|Lanao del Sur|Bangsamoro Autonomous Region In Muslim Mindanao (BARMM)
1903630000|Wao|Lanao del Sur|Bangsamoro Autonomous Region In Muslim Mindanao (BARMM)
1908701000|Barira|Maguindanao del Norte|Bangsamoro Autonomous Region In Muslim Mindanao (BARMM)
1908702000|Buldon|Maguindanao del Norte|Bangsamoro Autonomous Region In Muslim Mindanao (BARMM)
1908703000|City of Cotabato|Maguindanao del Norte|Bangsamoro Autonomous Region In Muslim Mindanao (BARMM)
1908704000|Datu Blah T. Sinsuat|Maguindanao del Norte|Bangsamoro Autonomous Region In Muslim Mindanao (BARMM)
1908705000|Datu Odin Sinsuat|Maguindanao del Norte|Bangsamoro Autonomous Region In Muslim Mindanao (BARMM)
1908706000|Kabuntalan|Maguindanao del Norte|Bangsamoro Autonomous Region In Muslim Mindanao (BARMM)
1908707000|Matanog|Maguindanao del Norte|Bangsamoro Autonomous Region In Muslim Mindanao (BARMM)
1908708000|Northern Kabuntalan|Maguindanao del Norte|Bangsamoro Autonomous Region In Muslim Mindanao (BARMM)
1908709000|Parang|Maguindanao del Norte|Bangsamoro Autonomous Region In Muslim Mindanao (BARMM)
1908710000|Sultan Kudarat|Maguindanao del Norte|Bangsamoro Autonomous Region In Muslim Mindanao (BARMM)
1908711000|Sultan Mastura|Maguindanao del Norte|Bangsamoro Autonomous Region In Muslim Mindanao (BARMM)
1908712000|Talitay|Maguindanao del Norte|Bangsamoro Autonomous Region In Muslim Mindanao (BARMM)
1908713000|Upi|Maguindanao del Norte|Bangsamoro Autonomous Region In Muslim Mindanao (BARMM)
1908801000|Ampatuan|Maguindanao del Sur|Bangsamoro Autonomous Region In Muslim Mindanao (BARMM)
1908802000|Buluan|Maguindanao del Sur|Bangsamoro Autonomous Region In Muslim Mindanao (BARMM)
1908803000|Datu Abdullah Sangki|Maguindanao del Sur|Bangsamoro Autonomous Region In Muslim Mindanao (BARMM)
1908804000|Datu Anggal Midtimbang|Maguindanao del Sur|Bangsamoro Autonomous Region In Muslim Mindanao (BARMM)
1908805000|Datu Hoffer Ampatuan|Maguindanao del Sur|Bangsamoro Autonomous Region In Muslim Mindanao (BARMM)
1908806000|Datu Paglas|Maguindanao del Sur|Bangsamoro Autonomous Region In Muslim Mindanao (BARMM)
1908807000|Datu Piang|Maguindanao del Sur|Bangsamoro Autonomous Region In Muslim Mindanao (BARMM)
1908808000|Datu Salibo|Maguindanao del Sur|Bangsamoro Autonomous Region In Muslim Mindanao (BARMM)
1908809000|Datu Saudi Ampatuan|Maguindanao del Sur|Bangsamoro Autonomous Region In Muslim Mindanao (BARMM)
1908810000|Datu Unsay|Maguindanao del Sur|Bangsamoro Autonomous Region In Muslim Mindanao (BARMM)
1908811000|Gen. S.K. Pendatun|Maguindanao del Sur|Bangsamoro Autonomous Region In Muslim Mindanao (BARMM)
1908812000|Guindulungan|Maguindanao del Sur|Bangsamoro Autonomous Region In Muslim Mindanao (BARMM)
1908813000|Mamasapano|Maguindanao del Sur|Bangsamoro Autonomous Region In Muslim Mindanao (BARMM)
1908814000|Mangudadatu|Maguindanao del Sur|Bangsamoro Autonomous Region In Muslim Mindanao (BARMM)
1908815000|Pagagawan|Maguindanao del Sur|Bangsamoro Autonomous Region In Muslim Mindanao (BARMM)
1908816000|Pagalungan|Maguindanao del Sur|Bangsamoro Autonomous Region In Muslim Mindanao (BARMM)
1908817000|Paglat|Maguindanao del Sur|Bangsamoro Autonomous Region In Muslim Mindanao (BARMM)
1908818000|Pandag|Maguindanao del Sur|Bangsamoro Autonomous Region In Muslim Mindanao (BARMM)
1908819000|Rajah Buayan|Maguindanao del Sur|Bangsamoro Autonomous Region In Muslim Mindanao (BARMM)
1908820000|Shariff Aguak|Maguindanao del Sur|Bangsamoro Autonomous Region In Muslim Mindanao (BARMM)
1908821000|Shariff Saydona Mustapha|Maguindanao del Sur|Bangsamoro Autonomous Region In Muslim Mindanao (BARMM)
1908822000|South Upi|Maguindanao del Sur|Bangsamoro Autonomous Region In Muslim Mindanao (BARMM)
1908823000|Sultan Sa Barongis|Maguindanao del Sur|Bangsamoro Autonomous Region In Muslim Mindanao (BARMM)
1908824000|Talayan|Maguindanao del Sur|Bangsamoro Autonomous Region In Muslim Mindanao (BARMM)
1907002000|Bongao|Tawi-Tawi|Bangsamoro Autonomous Region In Muslim Mindanao (BARMM)
1907009000|Languyan|Tawi-Tawi|Bangsamoro Autonomous Region In Muslim Mindanao (BARMM)
1907003000|Mapun|Tawi-Tawi|Bangsamoro Autonomous Region In Muslim Mindanao (BARMM)
1907001000|Panglima Sugala|Tawi-Tawi|Bangsamoro Autonomous Region In Muslim Mindanao (BARMM)
1907010000|Sapa-Sapa|Tawi-Tawi|Bangsamoro Autonomous Region In Muslim Mindanao (BARMM)
1907011000|Sibutu|Tawi-Tawi|Bangsamoro Autonomous Region In Muslim Mindanao (BARMM)
1907004000|Simunul|Tawi-Tawi|Bangsamoro Autonomous Region In Muslim Mindanao (BARMM)
1907005000|Sitangkai|Tawi-Tawi|Bangsamoro Autonomous Region In Muslim Mindanao (BARMM)
1907006000|South Ubian|Tawi-Tawi|Bangsamoro Autonomous Region In Muslim Mindanao (BARMM)
1907007000|Tandubas|Tawi-Tawi|Bangsamoro Autonomous Region In Muslim Mindanao (BARMM)
1907008000|Turtle Islands|Tawi-Tawi|Bangsamoro Autonomous Region In Muslim Mindanao (BARMM)
1400101000|Bangued|Abra|Cordillera Administrative Region (CAR)
1400102000|Boliney|Abra|Cordillera Administrative Region (CAR)
1400103000|Bucay|Abra|Cordillera Administrative Region (CAR)
1400104000|Bucloc|Abra|Cordillera Administrative Region (CAR)
1400105000|Daguioman|Abra|Cordillera Administrative Region (CAR)
1400106000|Danglas|Abra|Cordillera Administrative Region (CAR)
1400107000|Dolores|Abra|Cordillera Administrative Region (CAR)
1400108000|La Paz|Abra|Cordillera Administrative Region (CAR)
1400109000|Lacub|Abra|Cordillera Administrative Region (CAR)
1400110000|Lagangilang|Abra|Cordillera Administrative Region (CAR)
1400111000|Lagayan|Abra|Cordillera Administrative Region (CAR)
1400112000|Langiden|Abra|Cordillera Administrative Region (CAR)
1400113000|Licuan-Baay|Abra|Cordillera Administrative Region (CAR)
1400114000|Luba|Abra|Cordillera Administrative Region (CAR)
1400115000|Malibcong|Abra|Cordillera Administrative Region (CAR)
1400116000|Manabo|Abra|Cordillera Administrative Region (CAR)
1400117000|Peñarrubia|Abra|Cordillera Administrative Region (CAR)
1400118000|Pidigan|Abra|Cordillera Administrative Region (CAR)
1400119000|Pilar|Abra|Cordillera Administrative Region (CAR)
1400120000|Sallapadan|Abra|Cordillera Administrative Region (CAR)
1400121000|San Isidro|Abra|Cordillera Administrative Region (CAR)
1400122000|San Juan|Abra|Cordillera Administrative Region (CAR)
1400123000|San Quintin|Abra|Cordillera Administrative Region (CAR)
1400124000|Tayum|Abra|Cordillera Administrative Region (CAR)
1400125000|Tineg|Abra|Cordillera Administrative Region (CAR)
1400126000|Tubo|Abra|Cordillera Administrative Region (CAR)
1400127000|Villaviciosa|Abra|Cordillera Administrative Region (CAR)
1408101000|Calanasan|Apayao|Cordillera Administrative Region (CAR)
1408102000|Conner|Apayao|Cordillera Administrative Region (CAR)
1408103000|Flora|Apayao|Cordillera Administrative Region (CAR)
1408104000|Kabugao|Apayao|Cordillera Administrative Region (CAR)
1408105000|Luna|Apayao|Cordillera Administrative Region (CAR)
1408106000|Pudtol|Apayao|Cordillera Administrative Region (CAR)
1408107000|Santa Marcela|Apayao|Cordillera Administrative Region (CAR)
1401101000|Atok|Benguet|Cordillera Administrative Region (CAR)
1401103000|Bakun|Benguet|Cordillera Administrative Region (CAR)
1401104000|Bokod|Benguet|Cordillera Administrative Region (CAR)
1401105000|Buguias|Benguet|Cordillera Administrative Region (CAR)
1430300000|City of Baguio|Benguet|Cordillera Administrative Region (CAR)
1401106000|Itogon|Benguet|Cordillera Administrative Region (CAR)
1401107000|Kabayan|Benguet|Cordillera Administrative Region (CAR)
1401108000|Kapangan|Benguet|Cordillera Administrative Region (CAR)
1401109000|Kibungan|Benguet|Cordillera Administrative Region (CAR)
1401110000|La Trinidad|Benguet|Cordillera Administrative Region (CAR)
1401111000|Mankayan|Benguet|Cordillera Administrative Region (CAR)
1401112000|Sablan|Benguet|Cordillera Administrative Region (CAR)
1401113000|Tuba|Benguet|Cordillera Administrative Region (CAR)
1401114000|Tublay|Benguet|Cordillera Administrative Region (CAR)
1402708000|Aguinaldo|Ifugao|Cordillera Administrative Region (CAR)
1402707000|Alfonso Lista|Ifugao|Cordillera Administrative Region (CAR)
1402711000|Asipulo|Ifugao|Cordillera Administrative Region (CAR)
1402701000|Banaue|Ifugao|Cordillera Administrative Region (CAR)
1402709000|Hingyon|Ifugao|Cordillera Administrative Region (CAR)
1402702000|Hungduan|Ifugao|Cordillera Administrative Region (CAR)
1402703000|Kiangan|Ifugao|Cordillera Administrative Region (CAR)
1402704000|Lagawe|Ifugao|Cordillera Administrative Region (CAR)
1402705000|Lamut|Ifugao|Cordillera Administrative Region (CAR)
1402706000|Mayoyao|Ifugao|Cordillera Administrative Region (CAR)
1402710000|Tinoc|Ifugao|Cordillera Administrative Region (CAR)
1403201000|Balbalan|Kalinga|Cordillera Administrative Region (CAR)
1403213000|City of Tabuk|Kalinga|Cordillera Administrative Region (CAR)
1403206000|Lubuagan|Kalinga|Cordillera Administrative Region (CAR)
1403208000|Pasil|Kalinga|Cordillera Administrative Region (CAR)
1403209000|Pinukpuk|Kalinga|Cordillera Administrative Region (CAR)
1403211000|Rizal|Kalinga|Cordillera Administrative Region (CAR)
1403214000|Tanudan|Kalinga|Cordillera Administrative Region (CAR)
1403215000|Tinglayan|Kalinga|Cordillera Administrative Region (CAR)
1404401000|Barlig|Mountain Province|Cordillera Administrative Region (CAR)
1404402000|Bauko|Mountain Province|Cordillera Administrative Region (CAR)
1404403000|Besao|Mountain Province|Cordillera Administrative Region (CAR)
1404404000|Bontoc|Mountain Province|Cordillera Administrative Region (CAR)
1404405000|Natonin|Mountain Province|Cordillera Administrative Region (CAR)
1404406000|Paracelis|Mountain Province|Cordillera Administrative Region (CAR)
1404407000|Sabangan|Mountain Province|Cordillera Administrative Region (CAR)
1404408000|Sadanga|Mountain Province|Cordillera Administrative Region (CAR)
1404409000|Sagada|Mountain Province|Cordillera Administrative Region (CAR)
1404410000|Tadian|Mountain Province|Cordillera Administrative Region (CAR)
1804503000|Binalbagan|Negros Occidental|Negros Island Region (NIR)
1804505000|Calatrava|Negros Occidental|Negros Island Region (NIR)
1804506000|Candoni|Negros Occidental|Negros Island Region (NIR)
1804507000|Cauayan|Negros Occidental|Negros Island Region (NIR)
1830200000|City of Bacolod|Negros Occidental|Negros Island Region (NIR)
1804502000|City of Bago|Negros Occidental|Negros Island Region (NIR)
1804504000|City of Cadiz|Negros Occidental|Negros Island Region (NIR)
1804509000|City of Escalante|Negros Occidental|Negros Island Region (NIR)
1804510000|City of Himamaylan|Negros Occidental|Negros Island Region (NIR)
1804515000|City of Kabankalan|Negros Occidental|Negros Island Region (NIR)
1804516000|City of La Carlota|Negros Occidental|Negros Island Region (NIR)
1804523000|City of Sagay|Negros Occidental|Negros Island Region (NIR)
1804524000|City of San Carlos|Negros Occidental|Negros Island Region (NIR)
1804526000|City of Silay|Negros Occidental|Negros Island Region (NIR)
1804527000|City of Sipalay|Negros Occidental|Negros Island Region (NIR)
1804528000|City of Talisay|Negros Occidental|Negros Island Region (NIR)
1804531000|City of Victorias|Negros Occidental|Negros Island Region (NIR)
1804508000|Enrique B. Magalona|Negros Occidental|Negros Island Region (NIR)
1804511000|Hinigaran|Negros Occidental|Negros Island Region (NIR)
1804512000|Hinoba-an|Negros Occidental|Negros Island Region (NIR)
1804513000|Ilog|Negros Occidental|Negros Island Region (NIR)
1804514000|Isabela|Negros Occidental|Negros Island Region (NIR)
1804517000|La Castellana|Negros Occidental|Negros Island Region (NIR)
1804518000|Manapla|Negros Occidental|Negros Island Region (NIR)
1804519000|Moises Padilla|Negros Occidental|Negros Island Region (NIR)
1804520000|Murcia|Negros Occidental|Negros Island Region (NIR)
1804521000|Pontevedra|Negros Occidental|Negros Island Region (NIR)
1804522000|Pulupandan|Negros Occidental|Negros Island Region (NIR)
1804532000|Salvador Benedicto|Negros Occidental|Negros Island Region (NIR)
1804525000|San Enrique|Negros Occidental|Negros Island Region (NIR)
1804529000|Toboso|Negros Occidental|Negros Island Region (NIR)
1804530000|Valladolid|Negros Occidental|Negros Island Region (NIR)
1804601000|Amlan|Negros Oriental|Negros Island Region (NIR)
1804602000|Ayungon|Negros Oriental|Negros Island Region (NIR)
1804603000|Bacong|Negros Oriental|Negros Island Region (NIR)
1804605000|Basay|Negros Oriental|Negros Island Region (NIR)
1804607000|Bindoy|Negros Oriental|Negros Island Region (NIR)
1804604000|City of Bais|Negros Oriental|Negros Island Region (NIR)
1804606000|City of Bayawan|Negros Oriental|Negros Island Region (NIR)
1804608000|City of Canlaon|Negros Oriental|Negros Island Region (NIR)
1804610000|City of Dumaguete|Negros Oriental|Negros Island Region (NIR)
1804611000|City of Guihulngan|Negros Oriental|Negros Island Region (NIR)
1804621000|City of Tanjay|Negros Oriental|Negros Island Region (NIR)
1804609000|Dauin|Negros Oriental|Negros Island Region (NIR)
1804612000|Jimalalud|Negros Oriental|Negros Island Region (NIR)
1804613000|La Libertad|Negros Oriental|Negros Island Region (NIR)
1804614000|Mabinay|Negros Oriental|Negros Island Region (NIR)
1804615000|Manjuyod|Negros Oriental|Negros Island Region (NIR)
1804616000|Pamplona|Negros Oriental|Negros Island Region (NIR)
1804617000|San Jose|Negros Oriental|Negros Island Region (NIR)
1804618000|Santa Catalina|Negros Oriental|Negros Island Region (NIR)
1804619000|Siaton|Negros Oriental|Negros Island Region (NIR)
1804620000|Sibulan|Negros Oriental|Negros Island Region (NIR)
1804622000|Tayasan|Negros Oriental|Negros Island Region (NIR)
1804623000|Valencia|Negros Oriental|Negros Island Region (NIR)
1804624000|Vallehermoso|Negros Oriental|Negros Island Region (NIR)
1804625000|Zamboanguita|Negros Oriental|Negros Island Region (NIR)
1806101000|Enrique Villanueva|Siquijor|Negros Island Region (NIR)
1806102000|Larena|Siquijor|Negros Island Region (NIR)
1806103000|Lazi|Siquijor|Negros Island Region (NIR)
1806104000|Maria|Siquijor|Negros Island Region (NIR)
1806105000|San Juan|Siquijor|Negros Island Region (NIR)
1806106000|Siquijor|Siquijor|Negros Island Region (NIR)
0102801000|Adams|Ilocos Norte|Region I (Ilocos Region)
0102802000|Bacarra|Ilocos Norte|Region I (Ilocos Region)
0102803000|Badoc|Ilocos Norte|Region I (Ilocos Region)
0102804000|Bangui|Ilocos Norte|Region I (Ilocos Region)
0102811000|Banna|Ilocos Norte|Region I (Ilocos Region)
0102806000|Burgos|Ilocos Norte|Region I (Ilocos Region)
0102807000|Carasi|Ilocos Norte|Region I (Ilocos Region)
0102805000|City of Batac|Ilocos Norte|Region I (Ilocos Region)
0102812000|City of Laoag|Ilocos Norte|Region I (Ilocos Region)
0102808000|Currimao|Ilocos Norte|Region I (Ilocos Region)
0102809000|Dingras|Ilocos Norte|Region I (Ilocos Region)
0102810000|Dumalneg|Ilocos Norte|Region I (Ilocos Region)
0102813000|Marcos|Ilocos Norte|Region I (Ilocos Region)
0102814000|Nueva Era|Ilocos Norte|Region I (Ilocos Region)
0102815000|Pagudpud|Ilocos Norte|Region I (Ilocos Region)
0102816000|Paoay|Ilocos Norte|Region I (Ilocos Region)
0102817000|Pasuquin|Ilocos Norte|Region I (Ilocos Region)
0102818000|Piddig|Ilocos Norte|Region I (Ilocos Region)
0102819000|Pinili|Ilocos Norte|Region I (Ilocos Region)
0102820000|San Nicolas|Ilocos Norte|Region I (Ilocos Region)
0102821000|Sarrat|Ilocos Norte|Region I (Ilocos Region)
0102822000|Solsona|Ilocos Norte|Region I (Ilocos Region)
0102823000|Vintar|Ilocos Norte|Region I (Ilocos Region)
0102901000|Alilem|Ilocos Sur|Region I (Ilocos Region)
0102902000|Banayoyo|Ilocos Sur|Region I (Ilocos Region)
0102903000|Bantay|Ilocos Sur|Region I (Ilocos Region)
0102904000|Burgos|Ilocos Sur|Region I (Ilocos Region)
0102905000|Cabugao|Ilocos Sur|Region I (Ilocos Region)
0102907000|Caoayan|Ilocos Sur|Region I (Ilocos Region)
0102908000|Cervantes|Ilocos Sur|Region I (Ilocos Region)
0102906000|City of Candon|Ilocos Sur|Region I (Ilocos Region)
0102934000|City of Vigan|Ilocos Sur|Region I (Ilocos Region)
0102909000|Galimuyod|Ilocos Sur|Region I (Ilocos Region)
0102910000|Gregorio del Pilar|Ilocos Sur|Region I (Ilocos Region)
0102911000|Lidlidda|Ilocos Sur|Region I (Ilocos Region)
0102912000|Magsingal|Ilocos Sur|Region I (Ilocos Region)
0102913000|Nagbukel|Ilocos Sur|Region I (Ilocos Region)
0102914000|Narvacan|Ilocos Sur|Region I (Ilocos Region)
0102915000|Quirino|Ilocos Sur|Region I (Ilocos Region)
0102916000|Salcedo|Ilocos Sur|Region I (Ilocos Region)
0102917000|San Emilio|Ilocos Sur|Region I (Ilocos Region)
0102918000|San Esteban|Ilocos Sur|Region I (Ilocos Region)
0102919000|San Ildefonso|Ilocos Sur|Region I (Ilocos Region)
0102920000|San Juan|Ilocos Sur|Region I (Ilocos Region)
0102921000|San Vicente|Ilocos Sur|Region I (Ilocos Region)
0102922000|Santa|Ilocos Sur|Region I (Ilocos Region)
0102923000|Santa Catalina|Ilocos Sur|Region I (Ilocos Region)
0102924000|Santa Cruz|Ilocos Sur|Region I (Ilocos Region)
0102925000|Santa Lucia|Ilocos Sur|Region I (Ilocos Region)
0102926000|Santa Maria|Ilocos Sur|Region I (Ilocos Region)
0102927000|Santiago|Ilocos Sur|Region I (Ilocos Region)
0102928000|Santo Domingo|Ilocos Sur|Region I (Ilocos Region)
0102929000|Sigay|Ilocos Sur|Region I (Ilocos Region)
0102930000|Sinait|Ilocos Sur|Region I (Ilocos Region)
0102931000|Sugpon|Ilocos Sur|Region I (Ilocos Region)
0102932000|Suyo|Ilocos Sur|Region I (Ilocos Region)
0102933000|Tagudin|Ilocos Sur|Region I (Ilocos Region)
0103301000|Agoo|La Union|Region I (Ilocos Region)
0103302000|Aringay|La Union|Region I (Ilocos Region)
0103303000|Bacnotan|La Union|Region I (Ilocos Region)
0103304000|Bagulin|La Union|Region I (Ilocos Region)
0103305000|Balaoan|La Union|Region I (Ilocos Region)
0103306000|Bangar|La Union|Region I (Ilocos Region)
0103307000|Bauang|La Union|Region I (Ilocos Region)
0103308000|Burgos|La Union|Region I (Ilocos Region)
0103309000|Caba|La Union|Region I (Ilocos Region)
0103314000|City of San Fernando|La Union|Region I (Ilocos Region)
0103310000|Luna|La Union|Region I (Ilocos Region)
0103311000|Naguilian|La Union|Region I (Ilocos Region)
0103312000|Pugo|La Union|Region I (Ilocos Region)
0103313000|Rosario|La Union|Region I (Ilocos Region)
0103315000|San Gabriel|La Union|Region I (Ilocos Region)
0103316000|San Juan|La Union|Region I (Ilocos Region)
0103317000|Santo Tomas|La Union|Region I (Ilocos Region)
0103318000|Santol|La Union|Region I (Ilocos Region)
0103319000|Sudipen|La Union|Region I (Ilocos Region)
0103320000|Tubao|La Union|Region I (Ilocos Region)
0105501000|Agno|Pangasinan|Region I (Ilocos Region)
0105502000|Aguilar|Pangasinan|Region I (Ilocos Region)
0105504000|Alcala|Pangasinan|Region I (Ilocos Region)
0105505000|Anda|Pangasinan|Region I (Ilocos Region)
0105506000|Asingan|Pangasinan|Region I (Ilocos Region)
0105507000|Balungao|Pangasinan|Region I (Ilocos Region)
0105508000|Bani|Pangasinan|Region I (Ilocos Region)
0105509000|Basista|Pangasinan|Region I (Ilocos Region)
0105510000|Bautista|Pangasinan|Region I (Ilocos Region)
0105511000|Bayambang|Pangasinan|Region I (Ilocos Region)
0105512000|Binalonan|Pangasinan|Region I (Ilocos Region)
0105513000|Binmaley|Pangasinan|Region I (Ilocos Region)
0105514000|Bolinao|Pangasinan|Region I (Ilocos Region)
0105515000|Bugallon|Pangasinan|Region I (Ilocos Region)
0105516000|Burgos|Pangasinan|Region I (Ilocos Region)
0105517000|Calasiao|Pangasinan|Region I (Ilocos Region)
0105503000|City of Alaminos|Pangasinan|Region I (Ilocos Region)
0105518000|City of Dagupan|Pangasinan|Region I (Ilocos Region)
0105532000|City of San Carlos|Pangasinan|Region I (Ilocos Region)
0105546000|City of Urdaneta|Pangasinan|Region I (Ilocos Region)
0105519000|Dasol|Pangasinan|Region I (Ilocos Region)
0105520000|Infanta|Pangasinan|Region I (Ilocos Region)
0105521000|Labrador|Pangasinan|Region I (Ilocos Region)
0105548000|Laoac|Pangasinan|Region I (Ilocos Region)
0105522000|Lingayen|Pangasinan|Region I (Ilocos Region)
0105523000|Mabini|Pangasinan|Region I (Ilocos Region)
0105524000|Malasiqui|Pangasinan|Region I (Ilocos Region)
0105525000|Manaoag|Pangasinan|Region I (Ilocos Region)
0105526000|Mangaldan|Pangasinan|Region I (Ilocos Region)
0105527000|Mangatarem|Pangasinan|Region I (Ilocos Region)
0105528000|Mapandan|Pangasinan|Region I (Ilocos Region)
0105529000|Natividad|Pangasinan|Region I (Ilocos Region)
0105530000|Pozorrubio|Pangasinan|Region I (Ilocos Region)
0105531000|Rosales|Pangasinan|Region I (Ilocos Region)
0105533000|San Fabian|Pangasinan|Region I (Ilocos Region)
0105534000|San Jacinto|Pangasinan|Region I (Ilocos Region)
0105535000|San Manuel|Pangasinan|Region I (Ilocos Region)
0105536000|San Nicolas|Pangasinan|Region I (Ilocos Region)
0105537000|San Quintin|Pangasinan|Region I (Ilocos Region)
0105538000|Santa Barbara|Pangasinan|Region I (Ilocos Region)
0105539000|Santa Maria|Pangasinan|Region I (Ilocos Region)
0105540000|Santo Tomas|Pangasinan|Region I (Ilocos Region)
0105541000|Sison|Pangasinan|Region I (Ilocos Region)
0105542000|Sual|Pangasinan|Region I (Ilocos Region)
0105543000|Tayug|Pangasinan|Region I (Ilocos Region)
0105544000|Umingan|Pangasinan|Region I (Ilocos Region)
0105545000|Urbiztondo|Pangasinan|Region I (Ilocos Region)
0105547000|Villasis|Pangasinan|Region I (Ilocos Region)
0200901000|Basco|Batanes|Region II (Cagayan Valley)
0200902000|Itbayat|Batanes|Region II (Cagayan Valley)
0200903000|Ivana|Batanes|Region II (Cagayan Valley)
0200904000|Mahatao|Batanes|Region II (Cagayan Valley)
0200905000|Sabtang|Batanes|Region II (Cagayan Valley)
0200906000|Uyugan|Batanes|Region II (Cagayan Valley)
0201501000|Abulug|Cagayan|Region II (Cagayan Valley)
0201502000|Alcala|Cagayan|Region II (Cagayan Valley)
0201503000|Allacapan|Cagayan|Region II (Cagayan Valley)
0201504000|Amulung|Cagayan|Region II (Cagayan Valley)
0201505000|Aparri|Cagayan|Region II (Cagayan Valley)
0201506000|Baggao|Cagayan|Region II (Cagayan Valley)
0201507000|Ballesteros|Cagayan|Region II (Cagayan Valley)
0201508000|Buguey|Cagayan|Region II (Cagayan Valley)
0201509000|Calayan|Cagayan|Region II (Cagayan Valley)
0201510000|Camalaniugan|Cagayan|Region II (Cagayan Valley)
0201511000|Claveria|Cagayan|Region II (Cagayan Valley)
0201512000|Enrile|Cagayan|Region II (Cagayan Valley)
0201513000|Gattaran|Cagayan|Region II (Cagayan Valley)
0201514000|Gonzaga|Cagayan|Region II (Cagayan Valley)
0201515000|Iguig|Cagayan|Region II (Cagayan Valley)
0201516000|Lal-Lo|Cagayan|Region II (Cagayan Valley)
0201517000|Lasam|Cagayan|Region II (Cagayan Valley)
0201518000|Pamplona|Cagayan|Region II (Cagayan Valley)
0201519000|Peñablanca|Cagayan|Region II (Cagayan Valley)
0201520000|Piat|Cagayan|Region II (Cagayan Valley)
0201521000|Rizal|Cagayan|Region II (Cagayan Valley)
0201522000|Sanchez-Mira|Cagayan|Region II (Cagayan Valley)
0201523000|Santa Ana|Cagayan|Region II (Cagayan Valley)
0201524000|Santa Praxedes|Cagayan|Region II (Cagayan Valley)
0201525000|Santa Teresita|Cagayan|Region II (Cagayan Valley)
0201526000|Santo Niño|Cagayan|Region II (Cagayan Valley)
0201527000|Solana|Cagayan|Region II (Cagayan Valley)
0201528000|Tuao|Cagayan|Region II (Cagayan Valley)
0201529000|Tuguegarao City|Cagayan|Region II (Cagayan Valley)
0203101000|Alicia|Isabela|Region II (Cagayan Valley)
0203102000|Angadanan|Isabela|Region II (Cagayan Valley)
0203103000|Aurora|Isabela|Region II (Cagayan Valley)
0203104000|Benito Soliven|Isabela|Region II (Cagayan Valley)
0203105000|Burgos|Isabela|Region II (Cagayan Valley)
0203106000|Cabagan|Isabela|Region II (Cagayan Valley)
0203107000|Cabatuan|Isabela|Region II (Cagayan Valley)
0203108000|City of Cauayan|Isabela|Region II (Cagayan Valley)
0203114000|City of Ilagan|Isabela|Region II (Cagayan Valley)
0203135000|City of Santiago|Isabela|Region II (Cagayan Valley)
0203109000|Cordon|Isabela|Region II (Cagayan Valley)
0203118000|Delfin Albano|Isabela|Region II (Cagayan Valley)
0203110000|Dinapigue|Isabela|Region II (Cagayan Valley)
0203111000|Divilacan|Isabela|Region II (Cagayan Valley)
0203112000|Echague|Isabela|Region II (Cagayan Valley)
0203113000|Gamu|Isabela|Region II (Cagayan Valley)
0203115000|Jones|Isabela|Region II (Cagayan Valley)
0203116000|Luna|Isabela|Region II (Cagayan Valley)
0203117000|Maconacon|Isabela|Region II (Cagayan Valley)
0203119000|Mallig|Isabela|Region II (Cagayan Valley)
0203120000|Naguilian|Isabela|Region II (Cagayan Valley)
0203121000|Palanan|Isabela|Region II (Cagayan Valley)
0203122000|Quezon|Isabela|Region II (Cagayan Valley)
0203123000|Quirino|Isabela|Region II (Cagayan Valley)
0203124000|Ramon|Isabela|Region II (Cagayan Valley)
0203125000|Reina Mercedes|Isabela|Region II (Cagayan Valley)
0203126000|Roxas|Isabela|Region II (Cagayan Valley)
0203127000|San Agustin|Isabela|Region II (Cagayan Valley)
0203128000|San Guillermo|Isabela|Region II (Cagayan Valley)
0203129000|San Isidro|Isabela|Region II (Cagayan Valley)
0203130000|San Manuel|Isabela|Region II (Cagayan Valley)
0203131000|San Mariano|Isabela|Region II (Cagayan Valley)
0203132000|San Mateo|Isabela|Region II (Cagayan Valley)
0203133000|San Pablo|Isabela|Region II (Cagayan Valley)
0203134000|Santa Maria|Isabela|Region II (Cagayan Valley)
0203136000|Santo Tomas|Isabela|Region II (Cagayan Valley)
0203137000|Tumauini|Isabela|Region II (Cagayan Valley)
0205015000|Alfonso Castaneda|Nueva Vizcaya|Region II (Cagayan Valley)
0205001000|Ambaguio|Nueva Vizcaya|Region II (Cagayan Valley)
0205002000|Aritao|Nueva Vizcaya|Region II (Cagayan Valley)
0205003000|Bagabag|Nueva Vizcaya|Region II (Cagayan Valley)
0205004000|Bambang|Nueva Vizcaya|Region II (Cagayan Valley)
0205005000|Bayombong|Nueva Vizcaya|Region II (Cagayan Valley)
0205006000|Diadi|Nueva Vizcaya|Region II (Cagayan Valley)
0205007000|Dupax del Norte|Nueva Vizcaya|Region II (Cagayan Valley)
0205008000|Dupax del Sur|Nueva Vizcaya|Region II (Cagayan Valley)
0205009000|Kasibu|Nueva Vizcaya|Region II (Cagayan Valley)
0205010000|Kayapa|Nueva Vizcaya|Region II (Cagayan Valley)
0205011000|Quezon|Nueva Vizcaya|Region II (Cagayan Valley)
0205012000|Santa Fe|Nueva Vizcaya|Region II (Cagayan Valley)
0205013000|Solano|Nueva Vizcaya|Region II (Cagayan Valley)
0205014000|Villaverde|Nueva Vizcaya|Region II (Cagayan Valley)
0205701000|Aglipay|Quirino|Region II (Cagayan Valley)
0205702000|Cabarroguis|Quirino|Region II (Cagayan Valley)
0205703000|Diffun|Quirino|Region II (Cagayan Valley)
0205704000|Maddela|Quirino|Region II (Cagayan Valley)
0205706000|Nagtipunan|Quirino|Region II (Cagayan Valley)
0205705000|Saguday|Quirino|Region II (Cagayan Valley)
0307701000|Baler|Aurora|Region III (Central Luzon)
0307702000|Casiguran|Aurora|Region III (Central Luzon)
0307703000|Dilasag|Aurora|Region III (Central Luzon)
0307704000|Dinalungan|Aurora|Region III (Central Luzon)
0307705000|Dingalan|Aurora|Region III (Central Luzon)
0307706000|Dipaculao|Aurora|Region III (Central Luzon)
0307707000|Maria Aurora|Aurora|Region III (Central Luzon)
0307708000|San Luis|Aurora|Region III (Central Luzon)
0300801000|Abucay|Bataan|Region III (Central Luzon)
0300802000|Bagac|Bataan|Region III (Central Luzon)
0300803000|City of Balanga|Bataan|Region III (Central Luzon)
0300804000|Dinalupihan|Bataan|Region III (Central Luzon)
0300805000|Hermosa|Bataan|Region III (Central Luzon)
0300806000|Limay|Bataan|Region III (Central Luzon)
0300807000|Mariveles|Bataan|Region III (Central Luzon)
0300808000|Morong|Bataan|Region III (Central Luzon)
0300809000|Orani|Bataan|Region III (Central Luzon)
0300810000|Orion|Bataan|Region III (Central Luzon)
0300811000|Pilar|Bataan|Region III (Central Luzon)
0300812000|Samal|Bataan|Region III (Central Luzon)
0301401000|Angat|Bulacan|Region III (Central Luzon)
0301402000|Balagtas|Bulacan|Region III (Central Luzon)
0301404000|Bocaue|Bulacan|Region III (Central Luzon)
0301405000|Bulacan|Bulacan|Region III (Central Luzon)
0301406000|Bustos|Bulacan|Region III (Central Luzon)
0301407000|Calumpit|Bulacan|Region III (Central Luzon)
0301403000|City of Baliwag|Bulacan|Region III (Central Luzon)
0301410000|City of Malolos|Bulacan|Region III (Central Luzon)
0301412000|City of Meycauayan|Bulacan|Region III (Central Luzon)
0301420000|City of San Jose Del Monte|Bulacan|Region III (Central Luzon)
0301424000|Doña Remedios Trinidad|Bulacan|Region III (Central Luzon)
0301408000|Guiguinto|Bulacan|Region III (Central Luzon)
0301409000|Hagonoy|Bulacan|Region III (Central Luzon)
0301411000|Marilao|Bulacan|Region III (Central Luzon)
0301413000|Norzagaray|Bulacan|Region III (Central Luzon)
0301414000|Obando|Bulacan|Region III (Central Luzon)
0301415000|Pandi|Bulacan|Region III (Central Luzon)
0301416000|Paombong|Bulacan|Region III (Central Luzon)
0301417000|Plaridel|Bulacan|Region III (Central Luzon)
0301418000|Pulilan|Bulacan|Region III (Central Luzon)
0301419000|San Ildefonso|Bulacan|Region III (Central Luzon)
0301421000|San Miguel|Bulacan|Region III (Central Luzon)
0301422000|San Rafael|Bulacan|Region III (Central Luzon)
0301423000|Santa Maria|Bulacan|Region III (Central Luzon)
0304901000|Aliaga|Nueva Ecija|Region III (Central Luzon)
0304902000|Bongabon|Nueva Ecija|Region III (Central Luzon)
0304904000|Cabiao|Nueva Ecija|Region III (Central Luzon)
0304905000|Carranglan|Nueva Ecija|Region III (Central Luzon)
0304903000|City of Cabanatuan|Nueva Ecija|Region III (Central Luzon)
0304908000|City of Gapan|Nueva Ecija|Region III (Central Luzon)
0304919000|City of Palayan|Nueva Ecija|Region III (Central Luzon)
0304906000|Cuyapo|Nueva Ecija|Region III (Central Luzon)
0304907000|Gabaldon|Nueva Ecija|Region III (Central Luzon)
0304909000|General Mamerto Natividad|Nueva Ecija|Region III (Central Luzon)
0304910000|General Tinio|Nueva Ecija|Region III (Central Luzon)
0304911000|Guimba|Nueva Ecija|Region III (Central Luzon)
0304912000|Jaen|Nueva Ecija|Region III (Central Luzon)
0304913000|Laur|Nueva Ecija|Region III (Central Luzon)
0304914000|Licab|Nueva Ecija|Region III (Central Luzon)
0304915000|Llanera|Nueva Ecija|Region III (Central Luzon)
0304916000|Lupao|Nueva Ecija|Region III (Central Luzon)
0304918000|Nampicuan|Nueva Ecija|Region III (Central Luzon)
0304920000|Pantabangan|Nueva Ecija|Region III (Central Luzon)
0304921000|Peñaranda|Nueva Ecija|Region III (Central Luzon)
0304922000|Quezon|Nueva Ecija|Region III (Central Luzon)
0304923000|Rizal|Nueva Ecija|Region III (Central Luzon)
0304924000|San Antonio|Nueva Ecija|Region III (Central Luzon)
0304925000|San Isidro|Nueva Ecija|Region III (Central Luzon)
0304926000|San Jose City|Nueva Ecija|Region III (Central Luzon)
0304927000|San Leonardo|Nueva Ecija|Region III (Central Luzon)
0304928000|Santa Rosa|Nueva Ecija|Region III (Central Luzon)
0304929000|Santo Domingo|Nueva Ecija|Region III (Central Luzon)
0304917000|Science City of Muñoz|Nueva Ecija|Region III (Central Luzon)
0304930000|Talavera|Nueva Ecija|Region III (Central Luzon)
0304931000|Talugtug|Nueva Ecija|Region III (Central Luzon)
0304932000|Zaragoza|Nueva Ecija|Region III (Central Luzon)
0305402000|Apalit|Pampanga|Region III (Central Luzon)
0305403000|Arayat|Pampanga|Region III (Central Luzon)
0305404000|Bacolor|Pampanga|Region III (Central Luzon)
0305405000|Candaba|Pampanga|Region III (Central Luzon)
0330100000|City of Angeles|Pampanga|Region III (Central Luzon)
0305416000|City of San Fernando|Pampanga|Region III (Central Luzon)
0305406000|Floridablanca|Pampanga|Region III (Central Luzon)
0305407000|Guagua|Pampanga|Region III (Central Luzon)
0305408000|Lubao|Pampanga|Region III (Central Luzon)
0305409000|Mabalacat City|Pampanga|Region III (Central Luzon)
0305410000|Macabebe|Pampanga|Region III (Central Luzon)
0305411000|Magalang|Pampanga|Region III (Central Luzon)
0305412000|Masantol|Pampanga|Region III (Central Luzon)
0305413000|Mexico|Pampanga|Region III (Central Luzon)
0305414000|Minalin|Pampanga|Region III (Central Luzon)
0305415000|Porac|Pampanga|Region III (Central Luzon)
0305417000|San Luis|Pampanga|Region III (Central Luzon)
0305418000|San Simon|Pampanga|Region III (Central Luzon)
0305419000|Santa Ana|Pampanga|Region III (Central Luzon)
0305420000|Santa Rita|Pampanga|Region III (Central Luzon)
0305422000|Sasmuan|Pampanga|Region III (Central Luzon)
0305421000|Sto. Tomas|Pampanga|Region III (Central Luzon)
0306901000|Anao|Tarlac|Region III (Central Luzon)
0306902000|Bamban|Tarlac|Region III (Central Luzon)
0306903000|Camiling|Tarlac|Region III (Central Luzon)
0306904000|Capas|Tarlac|Region III (Central Luzon)
0306916000|City of Tarlac|Tarlac|Region III (Central Luzon)
0306905000|Concepcion|Tarlac|Region III (Central Luzon)
0306906000|Gerona|Tarlac|Region III (Central Luzon)
0306907000|La Paz|Tarlac|Region III (Central Luzon)
0306908000|Mayantoc|Tarlac|Region III (Central Luzon)
0306909000|Moncada|Tarlac|Region III (Central Luzon)
0306910000|Paniqui|Tarlac|Region III (Central Luzon)
0306911000|Pura|Tarlac|Region III (Central Luzon)
0306912000|Ramos|Tarlac|Region III (Central Luzon)
0306913000|San Clemente|Tarlac|Region III (Central Luzon)
0306918000|San Jose|Tarlac|Region III (Central Luzon)
0306914000|San Manuel|Tarlac|Region III (Central Luzon)
0306915000|Santa Ignacia|Tarlac|Region III (Central Luzon)
0306917000|Victoria|Tarlac|Region III (Central Luzon)
0307101000|Botolan|Zambales|Region III (Central Luzon)
0307102000|Cabangan|Zambales|Region III (Central Luzon)
0307103000|Candelaria|Zambales|Region III (Central Luzon)
0307104000|Castillejos|Zambales|Region III (Central Luzon)
0331400000|City of Olongapo|Zambales|Region III (Central Luzon)
0307105000|Iba|Zambales|Region III (Central Luzon)
0307106000|Masinloc|Zambales|Region III (Central Luzon)
0307108000|Palauig|Zambales|Region III (Central Luzon)
0307109000|San Antonio|Zambales|Region III (Central Luzon)
0307110000|San Felipe|Zambales|Region III (Central Luzon)
0307111000|San Marcelino|Zambales|Region III (Central Luzon)
0307112000|San Narciso|Zambales|Region III (Central Luzon)
0307113000|Santa Cruz|Zambales|Region III (Central Luzon)
0307114000|Subic|Zambales|Region III (Central Luzon)
0401001000|Agoncillo|Batangas|Region IV-A (CALABARZON)
0401002000|Alitagtag|Batangas|Region IV-A (CALABARZON)
0401003000|Balayan|Batangas|Region IV-A (CALABARZON)
0401004000|Balete|Batangas|Region IV-A (CALABARZON)
0401005000|Batangas City|Batangas|Region IV-A (CALABARZON)
0401006000|Bauan|Batangas|Region IV-A (CALABARZON)
0401008000|Calatagan|Batangas|Region IV-A (CALABARZON)
0401007000|City of Calaca|Batangas|Region IV-A (CALABARZON)
0401014000|City of Lipa|Batangas|Region IV-A (CALABARZON)
0401028000|City of Sto. Tomas|Batangas|Region IV-A (CALABARZON)
0401031000|City of Tanauan|Batangas|Region IV-A (CALABARZON)
0401009000|Cuenca|Batangas|Region IV-A (CALABARZON)
0401010000|Ibaan|Batangas|Region IV-A (CALABARZON)
0401011000|Laurel|Batangas|Region IV-A (CALABARZON)
0401012000|Lemery|Batangas|Region IV-A (CALABARZON)
0401013000|Lian|Batangas|Region IV-A (CALABARZON)
0401015000|Lobo|Batangas|Region IV-A (CALABARZON)
0401016000|Mabini|Batangas|Region IV-A (CALABARZON)
0401017000|Malvar|Batangas|Region IV-A (CALABARZON)
0401018000|Mataasnakahoy|Batangas|Region IV-A (CALABARZON)
0401019000|Nasugbu|Batangas|Region IV-A (CALABARZON)
0401020000|Padre Garcia|Batangas|Region IV-A (CALABARZON)
0401021000|Rosario|Batangas|Region IV-A (CALABARZON)
0401022000|San Jose|Batangas|Region IV-A (CALABARZON)
0401023000|San Juan|Batangas|Region IV-A (CALABARZON)
0401024000|San Luis|Batangas|Region IV-A (CALABARZON)
0401025000|San Nicolas|Batangas|Region IV-A (CALABARZON)
0401026000|San Pascual|Batangas|Region IV-A (CALABARZON)
0401027000|Santa Teresita|Batangas|Region IV-A (CALABARZON)
0401029000|Taal|Batangas|Region IV-A (CALABARZON)
0401030000|Talisay|Batangas|Region IV-A (CALABARZON)
0401032000|Taysan|Batangas|Region IV-A (CALABARZON)
0401033000|Tingloy|Batangas|Region IV-A (CALABARZON)
0401034000|Tuy|Batangas|Region IV-A (CALABARZON)
0402101000|Alfonso|Cavite|Region IV-A (CALABARZON)
0402102000|Amadeo|Cavite|Region IV-A (CALABARZON)
0402103000|City of Bacoor|Cavite|Region IV-A (CALABARZON)
0402104000|City of Carmona|Cavite|Region IV-A (CALABARZON)
0402105000|City of Cavite|Cavite|Region IV-A (CALABARZON)
0402106000|City of Dasmariñas|Cavite|Region IV-A (CALABARZON)
0402108000|City of General Trias|Cavite|Region IV-A (CALABARZON)
0402109000|City of Imus|Cavite|Region IV-A (CALABARZON)
0402119000|City of Tagaytay|Cavite|Region IV-A (CALABARZON)
0402122000|City of Trece Martires|Cavite|Region IV-A (CALABARZON)
0402123000|Gen. Mariano Alvarez|Cavite|Region IV-A (CALABARZON)
0402107000|General Emilio Aguinaldo|Cavite|Region IV-A (CALABARZON)
0402110000|Indang|Cavite|Region IV-A (CALABARZON)
0402111000|Kawit|Cavite|Region IV-A (CALABARZON)
0402112000|Magallanes|Cavite|Region IV-A (CALABARZON)
0402113000|Maragondon|Cavite|Region IV-A (CALABARZON)
0402114000|Mendez|Cavite|Region IV-A (CALABARZON)
0402115000|Naic|Cavite|Region IV-A (CALABARZON)
0402116000|Noveleta|Cavite|Region IV-A (CALABARZON)
0402117000|Rosario|Cavite|Region IV-A (CALABARZON)
0402118000|Silang|Cavite|Region IV-A (CALABARZON)
0402120000|Tanza|Cavite|Region IV-A (CALABARZON)
0402121000|Ternate|Cavite|Region IV-A (CALABARZON)
0403401000|Alaminos|Laguna|Region IV-A (CALABARZON)
0403402000|Bay|Laguna|Region IV-A (CALABARZON)
0403406000|Calauan|Laguna|Region IV-A (CALABARZON)
0403407000|Cavinti|Laguna|Region IV-A (CALABARZON)
0403403000|City of Biñan|Laguna|Region IV-A (CALABARZON)
0403404000|City of Cabuyao|Laguna|Region IV-A (CALABARZON)
0403405000|City of Calamba|Laguna|Region IV-A (CALABARZON)
0403424000|City of San Pablo|Laguna|Region IV-A (CALABARZON)
0403425000|City of San Pedro|Laguna|Region IV-A (CALABARZON)
0403428000|City of Santa Rosa|Laguna|Region IV-A (CALABARZON)
0403408000|Famy|Laguna|Region IV-A (CALABARZON)
0403409000|Kalayaan|Laguna|Region IV-A (CALABARZON)
0403410000|Liliw|Laguna|Region IV-A (CALABARZON)
0403411000|Los Baños|Laguna|Region IV-A (CALABARZON)
0403412000|Luisiana|Laguna|Region IV-A (CALABARZON)
0403413000|Lumban|Laguna|Region IV-A (CALABARZON)
0403414000|Mabitac|Laguna|Region IV-A (CALABARZON)
0403415000|Magdalena|Laguna|Region IV-A (CALABARZON)
0403416000|Majayjay|Laguna|Region IV-A (CALABARZON)
0403417000|Nagcarlan|Laguna|Region IV-A (CALABARZON)
0403418000|Paete|Laguna|Region IV-A (CALABARZON)
0403419000|Pagsanjan|Laguna|Region IV-A (CALABARZON)
0403420000|Pakil|Laguna|Region IV-A (CALABARZON)
0403421000|Pangil|Laguna|Region IV-A (CALABARZON)
0403422000|Pila|Laguna|Region IV-A (CALABARZON)
0403423000|Rizal|Laguna|Region IV-A (CALABARZON)
0403426000|Santa Cruz|Laguna|Region IV-A (CALABARZON)
0403427000|Santa Maria|Laguna|Region IV-A (CALABARZON)
0403429000|Siniloan|Laguna|Region IV-A (CALABARZON)
0403430000|Victoria|Laguna|Region IV-A (CALABARZON)
0405601000|Agdangan|Quezon|Region IV-A (CALABARZON)
0405602000|Alabat|Quezon|Region IV-A (CALABARZON)
0405603000|Atimonan|Quezon|Region IV-A (CALABARZON)
0405605000|Buenavista|Quezon|Region IV-A (CALABARZON)
0405606000|Burdeos|Quezon|Region IV-A (CALABARZON)
0405607000|Calauag|Quezon|Region IV-A (CALABARZON)
0405608000|Candelaria|Quezon|Region IV-A (CALABARZON)
0405610000|Catanauan|Quezon|Region IV-A (CALABARZON)
0431200000|City of Lucena|Quezon|Region IV-A (CALABARZON)
0405647000|City of Tayabas|Quezon|Region IV-A (CALABARZON)
0405615000|Dolores|Quezon|Region IV-A (CALABARZON)
0405616000|General Luna|Quezon|Region IV-A (CALABARZON)
0405617000|General Nakar|Quezon|Region IV-A (CALABARZON)
0405618000|Guinayangan|Quezon|Region IV-A (CALABARZON)
0405619000|Gumaca|Quezon|Region IV-A (CALABARZON)
0405620000|Infanta|Quezon|Region IV-A (CALABARZON)
0405621000|Jomalig|Quezon|Region IV-A (CALABARZON)
0405622000|Lopez|Quezon|Region IV-A (CALABARZON)
0405623000|Lucban|Quezon|Region IV-A (CALABARZON)
0405625000|Macalelon|Quezon|Region IV-A (CALABARZON)
0405627000|Mauban|Quezon|Region IV-A (CALABARZON)
0405628000|Mulanay|Quezon|Region IV-A (CALABARZON)
0405629000|Padre Burgos|Quezon|Region IV-A (CALABARZON)
0405630000|Pagbilao|Quezon|Region IV-A (CALABARZON)
0405631000|Panukulan|Quezon|Region IV-A (CALABARZON)
0405632000|Patnanungan|Quezon|Region IV-A (CALABARZON)
0405633000|Perez|Quezon|Region IV-A (CALABARZON)
0405634000|Pitogo|Quezon|Region IV-A (CALABARZON)
0405635000|Plaridel|Quezon|Region IV-A (CALABARZON)
0405636000|Polillo|Quezon|Region IV-A (CALABARZON)
0405637000|Quezon|Quezon|Region IV-A (CALABARZON)
0405638000|Real|Quezon|Region IV-A (CALABARZON)
0405639000|Sampaloc|Quezon|Region IV-A (CALABARZON)
0405640000|San Andres|Quezon|Region IV-A (CALABARZON)
0405641000|San Antonio|Quezon|Region IV-A (CALABARZON)
0405642000|San Francisco|Quezon|Region IV-A (CALABARZON)
0405644000|San Narciso|Quezon|Region IV-A (CALABARZON)
0405645000|Sariaya|Quezon|Region IV-A (CALABARZON)
0405646000|Tagkawayan|Quezon|Region IV-A (CALABARZON)
0405648000|Tiaong|Quezon|Region IV-A (CALABARZON)
0405649000|Unisan|Quezon|Region IV-A (CALABARZON)
0405801000|Angono|Rizal|Region IV-A (CALABARZON)
0405803000|Baras|Rizal|Region IV-A (CALABARZON)
0405804000|Binangonan|Rizal|Region IV-A (CALABARZON)
0405805000|Cainta|Rizal|Region IV-A (CALABARZON)
0405806000|Cardona|Rizal|Region IV-A (CALABARZON)
0405802000|City of Antipolo|Rizal|Region IV-A (CALABARZON)
0405807000|Jala-Jala|Rizal|Region IV-A (CALABARZON)
0405809000|Morong|Rizal|Region IV-A (CALABARZON)
0405810000|Pililla|Rizal|Region IV-A (CALABARZON)
0405808000|Rodriguez|Rizal|Region IV-A (CALABARZON)
0405811000|San Mateo|Rizal|Region IV-A (CALABARZON)
0405812000|Tanay|Rizal|Region IV-A (CALABARZON)
0405813000|Taytay|Rizal|Region IV-A (CALABARZON)
0405814000|Teresa|Rizal|Region IV-A (CALABARZON)
1704001000|Boac|Marinduque|Region IV-B (MIMAROPA)
1704002000|Buenavista|Marinduque|Region IV-B (MIMAROPA)
1704003000|Gasan|Marinduque|Region IV-B (MIMAROPA)
1704004000|Mogpog|Marinduque|Region IV-B (MIMAROPA)
1704005000|Santa Cruz|Marinduque|Region IV-B (MIMAROPA)
1704006000|Torrijos|Marinduque|Region IV-B (MIMAROPA)
1705101000|Abra De Ilog|Occidental Mindoro|Region IV-B (MIMAROPA)
1705102000|Calintaan|Occidental Mindoro|Region IV-B (MIMAROPA)
1705103000|Looc|Occidental Mindoro|Region IV-B (MIMAROPA)
1705104000|Lubang|Occidental Mindoro|Region IV-B (MIMAROPA)
1705105000|Magsaysay|Occidental Mindoro|Region IV-B (MIMAROPA)
1705106000|Mamburao|Occidental Mindoro|Region IV-B (MIMAROPA)
1705107000|Paluan|Occidental Mindoro|Region IV-B (MIMAROPA)
1705108000|Rizal|Occidental Mindoro|Region IV-B (MIMAROPA)
1705109000|Sablayan|Occidental Mindoro|Region IV-B (MIMAROPA)
1705110000|San Jose|Occidental Mindoro|Region IV-B (MIMAROPA)
1705111000|Santa Cruz|Occidental Mindoro|Region IV-B (MIMAROPA)
1705201000|Baco|Oriental Mindoro|Region IV-B (MIMAROPA)
1705202000|Bansud|Oriental Mindoro|Region IV-B (MIMAROPA)
1705203000|Bongabong|Oriental Mindoro|Region IV-B (MIMAROPA)
1705204000|Bulalacao|Oriental Mindoro|Region IV-B (MIMAROPA)
1705205000|City of Calapan|Oriental Mindoro|Region IV-B (MIMAROPA)
1705206000|Gloria|Oriental Mindoro|Region IV-B (MIMAROPA)
1705207000|Mansalay|Oriental Mindoro|Region IV-B (MIMAROPA)
1705208000|Naujan|Oriental Mindoro|Region IV-B (MIMAROPA)
1705209000|Pinamalayan|Oriental Mindoro|Region IV-B (MIMAROPA)
1705210000|Pola|Oriental Mindoro|Region IV-B (MIMAROPA)
1705211000|Puerto Galera|Oriental Mindoro|Region IV-B (MIMAROPA)
1705212000|Roxas|Oriental Mindoro|Region IV-B (MIMAROPA)
1705213000|San Teodoro|Oriental Mindoro|Region IV-B (MIMAROPA)
1705214000|Socorro|Oriental Mindoro|Region IV-B (MIMAROPA)
1705215000|Victoria|Oriental Mindoro|Region IV-B (MIMAROPA)
1705301000|Aborlan|Palawan|Region IV-B (MIMAROPA)
1705302000|Agutaya|Palawan|Region IV-B (MIMAROPA)
1705303000|Araceli|Palawan|Region IV-B (MIMAROPA)
1705304000|Balabac|Palawan|Region IV-B (MIMAROPA)
1705305000|Bataraza|Palawan|Region IV-B (MIMAROPA)
1705306000|Brooke's Point|Palawan|Region IV-B (MIMAROPA)
1705307000|Busuanga|Palawan|Region IV-B (MIMAROPA)
1705308000|Cagayancillo|Palawan|Region IV-B (MIMAROPA)
1731500000|City of Puerto Princesa|Palawan|Region IV-B (MIMAROPA)
1705309000|Coron|Palawan|Region IV-B (MIMAROPA)
1705322000|Culion|Palawan|Region IV-B (MIMAROPA)
1705310000|Cuyo|Palawan|Region IV-B (MIMAROPA)
1705323000|Dr. Jose P. Rizal|Palawan|Region IV-B (MIMAROPA)
1705311000|Dumaran|Palawan|Region IV-B (MIMAROPA)
1705312000|El Nido|Palawan|Region IV-B (MIMAROPA)
1705321000|Kalayaan|Palawan|Region IV-B (MIMAROPA)
1705313000|Linapacan|Palawan|Region IV-B (MIMAROPA)
1705314000|Magsaysay|Palawan|Region IV-B (MIMAROPA)
1705315000|Narra|Palawan|Region IV-B (MIMAROPA)
1705317000|Quezon|Palawan|Region IV-B (MIMAROPA)
1705318000|Roxas|Palawan|Region IV-B (MIMAROPA)
1705319000|San Vicente|Palawan|Region IV-B (MIMAROPA)
1705324000|Sofronio Española|Palawan|Region IV-B (MIMAROPA)
1705320000|Taytay|Palawan|Region IV-B (MIMAROPA)
1705901000|Alcantara|Romblon|Region IV-B (MIMAROPA)
1705902000|Banton|Romblon|Region IV-B (MIMAROPA)
1705903000|Cajidiocan|Romblon|Region IV-B (MIMAROPA)
1705904000|Calatrava|Romblon|Region IV-B (MIMAROPA)
1705905000|Concepcion|Romblon|Region IV-B (MIMAROPA)
1705906000|Corcuera|Romblon|Region IV-B (MIMAROPA)
1705916000|Ferrol|Romblon|Region IV-B (MIMAROPA)
1705907000|Looc|Romblon|Region IV-B (MIMAROPA)
1705908000|Magdiwang|Romblon|Region IV-B (MIMAROPA)
1705909000|Odiongan|Romblon|Region IV-B (MIMAROPA)
1705910000|Romblon|Romblon|Region IV-B (MIMAROPA)
1705911000|San Agustin|Romblon|Region IV-B (MIMAROPA)
1705912000|San Andres|Romblon|Region IV-B (MIMAROPA)
1705913000|San Fernando|Romblon|Region IV-B (MIMAROPA)
1705914000|San Jose|Romblon|Region IV-B (MIMAROPA)
1705915000|Santa Fe|Romblon|Region IV-B (MIMAROPA)
1705917000|Santa Maria|Romblon|Region IV-B (MIMAROPA)
0906606000|Hadji Panglima Tahil|Sulu|Region IX (Zamboanga Peninsula)
0906601000|Indanan|Sulu|Region IX (Zamboanga Peninsula)
0906602000|Jolo|Sulu|Region IX (Zamboanga Peninsula)
0906603000|Kalingalan Caluang|Sulu|Region IX (Zamboanga Peninsula)
0906617000|Lugus|Sulu|Region IX (Zamboanga Peninsula)
0906604000|Luuk|Sulu|Region IX (Zamboanga Peninsula)
0906605000|Maimbung|Sulu|Region IX (Zamboanga Peninsula)
0906607000|Old Panamao|Sulu|Region IX (Zamboanga Peninsula)
0906619000|Omar|Sulu|Region IX (Zamboanga Peninsula)
0906618000|Pandami|Sulu|Region IX (Zamboanga Peninsula)
0906616000|Panglima Estino|Sulu|Region IX (Zamboanga Peninsula)
0906608000|Pangutaran|Sulu|Region IX (Zamboanga Peninsula)
0906609000|Parang|Sulu|Region IX (Zamboanga Peninsula)
0906610000|Pata|Sulu|Region IX (Zamboanga Peninsula)
0906611000|Patikul|Sulu|Region IX (Zamboanga Peninsula)
0906612000|Siasi|Sulu|Region IX (Zamboanga Peninsula)
0906613000|Talipao|Sulu|Region IX (Zamboanga Peninsula)
0906614000|Tapul|Sulu|Region IX (Zamboanga Peninsula)
0906615000|Tongkil|Sulu|Region IX (Zamboanga Peninsula)
0908301000|Alicia|Zamboanga Sibugay|Region IX (Zamboanga Peninsula)
0908302000|Buug|Zamboanga Sibugay|Region IX (Zamboanga Peninsula)
0908303000|Diplahan|Zamboanga Sibugay|Region IX (Zamboanga Peninsula)
0908304000|Imelda|Zamboanga Sibugay|Region IX (Zamboanga Peninsula)
0908305000|Ipil|Zamboanga Sibugay|Region IX (Zamboanga Peninsula)
0908306000|Kabasalan|Zamboanga Sibugay|Region IX (Zamboanga Peninsula)
0908307000|Mabuhay|Zamboanga Sibugay|Region IX (Zamboanga Peninsula)
0908308000|Malangas|Zamboanga Sibugay|Region IX (Zamboanga Peninsula)
0908309000|Naga|Zamboanga Sibugay|Region IX (Zamboanga Peninsula)
0908310000|Olutanga|Zamboanga Sibugay|Region IX (Zamboanga Peninsula)
0908311000|Payao|Zamboanga Sibugay|Region IX (Zamboanga Peninsula)
0908312000|Roseller Lim|Zamboanga Sibugay|Region IX (Zamboanga Peninsula)
0908313000|Siay|Zamboanga Sibugay|Region IX (Zamboanga Peninsula)
0908314000|Talusan|Zamboanga Sibugay|Region IX (Zamboanga Peninsula)
0908315000|Titay|Zamboanga Sibugay|Region IX (Zamboanga Peninsula)
0908316000|Tungawan|Zamboanga Sibugay|Region IX (Zamboanga Peninsula)
0907224000|Baliguian|Zamboanga del Norte|Region IX (Zamboanga Peninsula)
0907201000|City of Dapitan|Zamboanga del Norte|Region IX (Zamboanga Peninsula)
0907202000|City of Dipolog|Zamboanga del Norte|Region IX (Zamboanga Peninsula)
0907225000|Godod|Zamboanga del Norte|Region IX (Zamboanga Peninsula)
0907223000|Gutalac|Zamboanga del Norte|Region IX (Zamboanga Peninsula)
0907222000|Jose Dalman|Zamboanga del Norte|Region IX (Zamboanga Peninsula)
0907227000|Kalawit|Zamboanga del Norte|Region IX (Zamboanga Peninsula)
0907203000|Katipunan|Zamboanga del Norte|Region IX (Zamboanga Peninsula)
0907204000|La Libertad|Zamboanga del Norte|Region IX (Zamboanga Peninsula)
0907205000|Labason|Zamboanga del Norte|Region IX (Zamboanga Peninsula)
0907226000|Leon T. Postigo|Zamboanga del Norte|Region IX (Zamboanga Peninsula)
0907206000|Liloy|Zamboanga del Norte|Region IX (Zamboanga Peninsula)
0907207000|Manukan|Zamboanga del Norte|Region IX (Zamboanga Peninsula)
0907208000|Mutia|Zamboanga del Norte|Region IX (Zamboanga Peninsula)
0907209000|Piñan|Zamboanga del Norte|Region IX (Zamboanga Peninsula)
0907210000|Polanco|Zamboanga del Norte|Region IX (Zamboanga Peninsula)
0907211000|Pres. Manuel A. Roxas|Zamboanga del Norte|Region IX (Zamboanga Peninsula)
0907212000|Rizal|Zamboanga del Norte|Region IX (Zamboanga Peninsula)
0907213000|Salug|Zamboanga del Norte|Region IX (Zamboanga Peninsula)
0907214000|Sergio Osmeña Sr.|Zamboanga del Norte|Region IX (Zamboanga Peninsula)
0907215000|Siayan|Zamboanga del Norte|Region IX (Zamboanga Peninsula)
0907216000|Sibuco|Zamboanga del Norte|Region IX (Zamboanga Peninsula)
0907217000|Sibutad|Zamboanga del Norte|Region IX (Zamboanga Peninsula)
0907218000|Sindangan|Zamboanga del Norte|Region IX (Zamboanga Peninsula)
0907219000|Siocon|Zamboanga del Norte|Region IX (Zamboanga Peninsula)
0907220000|Sirawai|Zamboanga del Norte|Region IX (Zamboanga Peninsula)
0907221000|Tampilisan|Zamboanga del Norte|Region IX (Zamboanga Peninsula)
0907302000|Aurora|Zamboanga del Sur|Region IX (Zamboanga Peninsula)
0907303000|Bayog|Zamboanga del Sur|Region IX (Zamboanga Peninsula)
0907322000|City of Pagadian|Zamboanga del Sur|Region IX (Zamboanga Peninsula)
0931700000|City of Zamboanga|Zamboanga del Sur|Region IX (Zamboanga Peninsula)
0907305000|Dimataling|Zamboanga del Sur|Region IX (Zamboanga Peninsula)
0907306000|Dinas|Zamboanga del Sur|Region IX (Zamboanga Peninsula)
0907307000|Dumalinao|Zamboanga del Sur|Region IX (Zamboanga Peninsula)
0907308000|Dumingag|Zamboanga del Sur|Region IX (Zamboanga Peninsula)
0907343000|Guipos|Zamboanga del Sur|Region IX (Zamboanga Peninsula)
0907337000|Josefina|Zamboanga del Sur|Region IX (Zamboanga Peninsula)
0907311000|Kumalarang|Zamboanga del Sur|Region IX (Zamboanga Peninsula)
0907312000|Labangan|Zamboanga del Sur|Region IX (Zamboanga Peninsula)
0907333000|Lakewood|Zamboanga del Sur|Region IX (Zamboanga Peninsula)
0907313000|Lapuyan|Zamboanga del Sur|Region IX (Zamboanga Peninsula)
0907315000|Mahayag|Zamboanga del Sur|Region IX (Zamboanga Peninsula)
0907317000|Margosatubig|Zamboanga del Sur|Region IX (Zamboanga Peninsula)
0907318000|Midsalip|Zamboanga del Sur|Region IX (Zamboanga Peninsula)
0907319000|Molave|Zamboanga del Sur|Region IX (Zamboanga Peninsula)
0907338000|Pitogo|Zamboanga del Sur|Region IX (Zamboanga Peninsula)
0907323000|Ramon Magsaysay|Zamboanga del Sur|Region IX (Zamboanga Peninsula)
0907324000|San Miguel|Zamboanga del Sur|Region IX (Zamboanga Peninsula)
0907325000|San Pablo|Zamboanga del Sur|Region IX (Zamboanga Peninsula)
0907340000|Sominot|Zamboanga del Sur|Region IX (Zamboanga Peninsula)
0907327000|Tabina|Zamboanga del Sur|Region IX (Zamboanga Peninsula)
0907328000|Tambulig|Zamboanga del Sur|Region IX (Zamboanga Peninsula)
0907344000|Tigbao|Zamboanga del Sur|Region IX (Zamboanga Peninsula)
0907330000|Tukuran|Zamboanga del Sur|Region IX (Zamboanga Peninsula)
0907341000|Vincenzo A. Sagun|Zamboanga del Sur|Region IX (Zamboanga Peninsula)
0500501000|Bacacay|Albay|Region V (Bicol Region)
0500502000|Camalig|Albay|Region V (Bicol Region)
0500506000|City of Legazpi|Albay|Region V (Bicol Region)
0500508000|City of Ligao|Albay|Region V (Bicol Region)
0500517000|City of Tabaco|Albay|Region V (Bicol Region)
0500503000|Daraga|Albay|Region V (Bicol Region)
0500504000|Guinobatan|Albay|Region V (Bicol Region)
0500505000|Jovellar|Albay|Region V (Bicol Region)
0500507000|Libon|Albay|Region V (Bicol Region)
0500509000|Malilipot|Albay|Region V (Bicol Region)
0500510000|Malinao|Albay|Region V (Bicol Region)
0500511000|Manito|Albay|Region V (Bicol Region)
0500512000|Oas|Albay|Region V (Bicol Region)
0500513000|Pio Duran|Albay|Region V (Bicol Region)
0500514000|Polangui|Albay|Region V (Bicol Region)
0500515000|Rapu-Rapu|Albay|Region V (Bicol Region)
0500516000|Santo Domingo|Albay|Region V (Bicol Region)
0500518000|Tiwi|Albay|Region V (Bicol Region)
0501601000|Basud|Camarines Norte|Region V (Bicol Region)
0501602000|Capalonga|Camarines Norte|Region V (Bicol Region)
0501603000|Daet|Camarines Norte|Region V (Bicol Region)
0501605000|Jose Panganiban|Camarines Norte|Region V (Bicol Region)
0501606000|Labo|Camarines Norte|Region V (Bicol Region)
0501607000|Mercedes|Camarines Norte|Region V (Bicol Region)
0501608000|Paracale|Camarines Norte|Region V (Bicol Region)
0501604000|San Lorenzo Ruiz|Camarines Norte|Region V (Bicol Region)
0501609000|San Vicente|Camarines Norte|Region V (Bicol Region)
0501610000|Santa Elena|Camarines Norte|Region V (Bicol Region)
0501611000|Talisay|Camarines Norte|Region V (Bicol Region)
0501612000|Vinzons|Camarines Norte|Region V (Bicol Region)
0501701000|Baao|Camarines Sur|Region V (Bicol Region)
0501702000|Balatan|Camarines Sur|Region V (Bicol Region)
0501703000|Bato|Camarines Sur|Region V (Bicol Region)
0501704000|Bombon|Camarines Sur|Region V (Bicol Region)
0501705000|Buhi|Camarines Sur|Region V (Bicol Region)
0501706000|Bula|Camarines Sur|Region V (Bicol Region)
0501707000|Cabusao|Camarines Sur|Region V (Bicol Region)
0501708000|Calabanga|Camarines Sur|Region V (Bicol Region)
0501709000|Camaligan|Camarines Sur|Region V (Bicol Region)
0501710000|Canaman|Camarines Sur|Region V (Bicol Region)
0501711000|Caramoan|Camarines Sur|Region V (Bicol Region)
0501716000|City of Iriga|Camarines Sur|Region V (Bicol Region)
0501724000|City of Naga|Camarines Sur|Region V (Bicol Region)
0501712000|Del Gallego|Camarines Sur|Region V (Bicol Region)
0501713000|Gainza|Camarines Sur|Region V (Bicol Region)
0501714000|Garchitorena|Camarines Sur|Region V (Bicol Region)
0501715000|Goa|Camarines Sur|Region V (Bicol Region)
0501717000|Lagonoy|Camarines Sur|Region V (Bicol Region)
0501718000|Libmanan|Camarines Sur|Region V (Bicol Region)
0501719000|Lupi|Camarines Sur|Region V (Bicol Region)
0501720000|Magarao|Camarines Sur|Region V (Bicol Region)
0501721000|Milaor|Camarines Sur|Region V (Bicol Region)
0501722000|Minalabac|Camarines Sur|Region V (Bicol Region)
0501723000|Nabua|Camarines Sur|Region V (Bicol Region)
0501725000|Ocampo|Camarines Sur|Region V (Bicol Region)
0501726000|Pamplona|Camarines Sur|Region V (Bicol Region)
0501727000|Pasacao|Camarines Sur|Region V (Bicol Region)
0501728000|Pili|Camarines Sur|Region V (Bicol Region)
0501729000|Presentacion|Camarines Sur|Region V (Bicol Region)
0501730000|Ragay|Camarines Sur|Region V (Bicol Region)
0501731000|Sagñay|Camarines Sur|Region V (Bicol Region)
0501732000|San Fernando|Camarines Sur|Region V (Bicol Region)
0501733000|San Jose|Camarines Sur|Region V (Bicol Region)
0501734000|Sipocot|Camarines Sur|Region V (Bicol Region)
0501735000|Siruma|Camarines Sur|Region V (Bicol Region)
0501736000|Tigaon|Camarines Sur|Region V (Bicol Region)
0501737000|Tinambac|Camarines Sur|Region V (Bicol Region)
0502001000|Bagamanoc|Catanduanes|Region V (Bicol Region)
0502002000|Baras|Catanduanes|Region V (Bicol Region)
0502003000|Bato|Catanduanes|Region V (Bicol Region)
0502004000|Caramoran|Catanduanes|Region V (Bicol Region)
0502005000|Gigmoto|Catanduanes|Region V (Bicol Region)
0502006000|Pandan|Catanduanes|Region V (Bicol Region)
0502007000|Panganiban|Catanduanes|Region V (Bicol Region)
0502008000|San Andres|Catanduanes|Region V (Bicol Region)
0502009000|San Miguel|Catanduanes|Region V (Bicol Region)
0502010000|Viga|Catanduanes|Region V (Bicol Region)
0502011000|Virac|Catanduanes|Region V (Bicol Region)
0504101000|Aroroy|Masbate|Region V (Bicol Region)
0504102000|Baleno|Masbate|Region V (Bicol Region)
0504103000|Balud|Masbate|Region V (Bicol Region)
0504104000|Batuan|Masbate|Region V (Bicol Region)
0504105000|Cataingan|Masbate|Region V (Bicol Region)
0504106000|Cawayan|Masbate|Region V (Bicol Region)
0504111000|City of Masbate|Masbate|Region V (Bicol Region)
0504107000|Claveria|Masbate|Region V (Bicol Region)
0504108000|Dimasalang|Masbate|Region V (Bicol Region)
0504109000|Esperanza|Masbate|Region V (Bicol Region)
0504110000|Mandaon|Masbate|Region V (Bicol Region)
0504112000|Milagros|Masbate|Region V (Bicol Region)
0504113000|Mobo|Masbate|Region V (Bicol Region)
0504114000|Monreal|Masbate|Region V (Bicol Region)
0504115000|Palanas|Masbate|Region V (Bicol Region)
0504116000|Pio V. Corpus|Masbate|Region V (Bicol Region)
0504117000|Placer|Masbate|Region V (Bicol Region)
0504118000|San Fernando|Masbate|Region V (Bicol Region)
0504119000|San Jacinto|Masbate|Region V (Bicol Region)
0504120000|San Pascual|Masbate|Region V (Bicol Region)
0504121000|Uson|Masbate|Region V (Bicol Region)
0506202000|Barcelona|Sorsogon|Region V (Bicol Region)
0506203000|Bulan|Sorsogon|Region V (Bicol Region)
0506204000|Bulusan|Sorsogon|Region V (Bicol Region)
0506205000|Casiguran|Sorsogon|Region V (Bicol Region)
0506206000|Castilla|Sorsogon|Region V (Bicol Region)
0506216000|City of Sorsogon|Sorsogon|Region V (Bicol Region)
0506207000|Donsol|Sorsogon|Region V (Bicol Region)
0506208000|Gubat|Sorsogon|Region V (Bicol Region)
0506209000|Irosin|Sorsogon|Region V (Bicol Region)
0506210000|Juban|Sorsogon|Region V (Bicol Region)
0506211000|Magallanes|Sorsogon|Region V (Bicol Region)
0506212000|Matnog|Sorsogon|Region V (Bicol Region)
0506213000|Pilar|Sorsogon|Region V (Bicol Region)
0506214000|Prieto Diaz|Sorsogon|Region V (Bicol Region)
0506215000|Santa Magdalena|Sorsogon|Region V (Bicol Region)
0600401000|Altavas|Aklan|Region VI (Western Visayas)
0600402000|Balete|Aklan|Region VI (Western Visayas)
0600403000|Banga|Aklan|Region VI (Western Visayas)
0600404000|Batan|Aklan|Region VI (Western Visayas)
0600405000|Buruanga|Aklan|Region VI (Western Visayas)
0600406000|Ibajay|Aklan|Region VI (Western Visayas)
0600407000|Kalibo|Aklan|Region VI (Western Visayas)
0600408000|Lezo|Aklan|Region VI (Western Visayas)
0600409000|Libacao|Aklan|Region VI (Western Visayas)
0600410000|Madalag|Aklan|Region VI (Western Visayas)
0600411000|Makato|Aklan|Region VI (Western Visayas)
0600412000|Malay|Aklan|Region VI (Western Visayas)
0600413000|Malinao|Aklan|Region VI (Western Visayas)
0600414000|Nabas|Aklan|Region VI (Western Visayas)
0600415000|New Washington|Aklan|Region VI (Western Visayas)
0600416000|Numancia|Aklan|Region VI (Western Visayas)
0600417000|Tangalan|Aklan|Region VI (Western Visayas)
0600601000|Anini-Y|Antique|Region VI (Western Visayas)
0600602000|Barbaza|Antique|Region VI (Western Visayas)
0600603000|Belison|Antique|Region VI (Western Visayas)
0600604000|Bugasong|Antique|Region VI (Western Visayas)
0600605000|Caluya|Antique|Region VI (Western Visayas)
0600606000|Culasi|Antique|Region VI (Western Visayas)
0600608000|Hamtic|Antique|Region VI (Western Visayas)
0600609000|Laua-An|Antique|Region VI (Western Visayas)
0600610000|Libertad|Antique|Region VI (Western Visayas)
0600611000|Pandan|Antique|Region VI (Western Visayas)
0600612000|Patnongon|Antique|Region VI (Western Visayas)
0600613000|San Jose|Antique|Region VI (Western Visayas)
0600614000|San Remigio|Antique|Region VI (Western Visayas)
0600615000|Sebaste|Antique|Region VI (Western Visayas)
0600616000|Sibalom|Antique|Region VI (Western Visayas)
0600617000|Tibiao|Antique|Region VI (Western Visayas)
0600607000|Tobias Fornier|Antique|Region VI (Western Visayas)
0600618000|Valderrama|Antique|Region VI (Western Visayas)
0601914000|City of Roxas|Capiz|Region VI (Western Visayas)
0601901000|Cuartero|Capiz|Region VI (Western Visayas)
0601902000|Dao|Capiz|Region VI (Western Visayas)
0601903000|Dumalag|Capiz|Region VI (Western Visayas)
0601904000|Dumarao|Capiz|Region VI (Western Visayas)
0601905000|Ivisan|Capiz|Region VI (Western Visayas)
0601906000|Jamindan|Capiz|Region VI (Western Visayas)
0601907000|Ma-Ayon|Capiz|Region VI (Western Visayas)
0601908000|Mambusao|Capiz|Region VI (Western Visayas)
0601909000|Panay|Capiz|Region VI (Western Visayas)
0601910000|Panitan|Capiz|Region VI (Western Visayas)
0601911000|Pilar|Capiz|Region VI (Western Visayas)
0601912000|Pontevedra|Capiz|Region VI (Western Visayas)
0601913000|President Roxas|Capiz|Region VI (Western Visayas)
0601915000|Sapi-An|Capiz|Region VI (Western Visayas)
0601916000|Sigma|Capiz|Region VI (Western Visayas)
0601917000|Tapaz|Capiz|Region VI (Western Visayas)
0607901000|Buenavista|Guimaras|Region VI (Western Visayas)
0607902000|Jordan|Guimaras|Region VI (Western Visayas)
0607903000|Nueva Valencia|Guimaras|Region VI (Western Visayas)
0607904000|San Lorenzo|Guimaras|Region VI (Western Visayas)
0607905000|Sibunag|Guimaras|Region VI (Western Visayas)
0603001000|Ajuy|Iloilo|Region VI (Western Visayas)
0603002000|Alimodian|Iloilo|Region VI (Western Visayas)
0603003000|Anilao|Iloilo|Region VI (Western Visayas)
0603004000|Badiangan|Iloilo|Region VI (Western Visayas)
0603005000|Balasan|Iloilo|Region VI (Western Visayas)
0603006000|Banate|Iloilo|Region VI (Western Visayas)
0603007000|Barotac Nuevo|Iloilo|Region VI (Western Visayas)
0603008000|Barotac Viejo|Iloilo|Region VI (Western Visayas)
0603009000|Batad|Iloilo|Region VI (Western Visayas)
0603010000|Bingawan|Iloilo|Region VI (Western Visayas)
0603012000|Cabatuan|Iloilo|Region VI (Western Visayas)
0603013000|Calinog|Iloilo|Region VI (Western Visayas)
0603014000|Carles|Iloilo|Region VI (Western Visayas)
0631000000|City of Iloilo|Iloilo|Region VI (Western Visayas)
0603035000|City of Passi|Iloilo|Region VI (Western Visayas)
0603015000|Concepcion|Iloilo|Region VI (Western Visayas)
0603016000|Dingle|Iloilo|Region VI (Western Visayas)
0603017000|Dueñas|Iloilo|Region VI (Western Visayas)
0603018000|Dumangas|Iloilo|Region VI (Western Visayas)
0603019000|Estancia|Iloilo|Region VI (Western Visayas)
0603020000|Guimbal|Iloilo|Region VI (Western Visayas)
0603021000|Igbaras|Iloilo|Region VI (Western Visayas)
0603023000|Janiuay|Iloilo|Region VI (Western Visayas)
0603025000|Lambunao|Iloilo|Region VI (Western Visayas)
0603026000|Leganes|Iloilo|Region VI (Western Visayas)
0603027000|Lemery|Iloilo|Region VI (Western Visayas)
0603028000|Leon|Iloilo|Region VI (Western Visayas)
0603029000|Maasin|Iloilo|Region VI (Western Visayas)
0603030000|Miagao|Iloilo|Region VI (Western Visayas)
0603031000|Mina|Iloilo|Region VI (Western Visayas)
0603032000|New Lucena|Iloilo|Region VI (Western Visayas)
0603034000|Oton|Iloilo|Region VI (Western Visayas)
0603036000|Pavia|Iloilo|Region VI (Western Visayas)
0603037000|Pototan|Iloilo|Region VI (Western Visayas)
0603038000|San Dionisio|Iloilo|Region VI (Western Visayas)
0603039000|San Enrique|Iloilo|Region VI (Western Visayas)
0603040000|San Joaquin|Iloilo|Region VI (Western Visayas)
0603041000|San Miguel|Iloilo|Region VI (Western Visayas)
0603042000|San Rafael|Iloilo|Region VI (Western Visayas)
0603043000|Santa Barbara|Iloilo|Region VI (Western Visayas)
0603044000|Sara|Iloilo|Region VI (Western Visayas)
0603045000|Tigbauan|Iloilo|Region VI (Western Visayas)
0603046000|Tubungan|Iloilo|Region VI (Western Visayas)
0603047000|Zarraga|Iloilo|Region VI (Western Visayas)
0701201000|Alburquerque|Bohol|Region VII (Central Visayas)
0701202000|Alicia|Bohol|Region VII (Central Visayas)
0701203000|Anda|Bohol|Region VII (Central Visayas)
0701204000|Antequera|Bohol|Region VII (Central Visayas)
0701205000|Baclayon|Bohol|Region VII (Central Visayas)
0701206000|Balilihan|Bohol|Region VII (Central Visayas)
0701207000|Batuan|Bohol|Region VII (Central Visayas)
0701248000|Bien Unido|Bohol|Region VII (Central Visayas)
0701208000|Bilar|Bohol|Region VII (Central Visayas)
0701209000|Buenavista|Bohol|Region VII (Central Visayas)
0701210000|Calape|Bohol|Region VII (Central Visayas)
0701211000|Candijay|Bohol|Region VII (Central Visayas)
0701212000|Carmen|Bohol|Region VII (Central Visayas)
0701213000|Catigbian|Bohol|Region VII (Central Visayas)
0701242000|City of Tagbilaran|Bohol|Region VII (Central Visayas)
0701214000|Clarin|Bohol|Region VII (Central Visayas)
0701215000|Corella|Bohol|Region VII (Central Visayas)
0701216000|Cortes|Bohol|Region VII (Central Visayas)
0701217000|Dagohoy|Bohol|Region VII (Central Visayas)
0701218000|Danao|Bohol|Region VII (Central Visayas)
0701219000|Dauis|Bohol|Region VII (Central Visayas)
0701220000|Dimiao|Bohol|Region VII (Central Visayas)
0701221000|Duero|Bohol|Region VII (Central Visayas)
0701222000|Garcia Hernandez|Bohol|Region VII (Central Visayas)
0701226000|Getafe|Bohol|Region VII (Central Visayas)
0701223000|Guindulman|Bohol|Region VII (Central Visayas)
0701224000|Inabanga|Bohol|Region VII (Central Visayas)
0701225000|Jagna|Bohol|Region VII (Central Visayas)
0701227000|Lila|Bohol|Region VII (Central Visayas)
0701228000|Loay|Bohol|Region VII (Central Visayas)
0701229000|Loboc|Bohol|Region VII (Central Visayas)
0701230000|Loon|Bohol|Region VII (Central Visayas)
0701231000|Mabini|Bohol|Region VII (Central Visayas)
0701232000|Maribojoc|Bohol|Region VII (Central Visayas)
0701233000|Panglao|Bohol|Region VII (Central Visayas)
0701234000|Pilar|Bohol|Region VII (Central Visayas)
0701235000|President Carlos P. Garcia|Bohol|Region VII (Central Visayas)
0701236000|Sagbayan|Bohol|Region VII (Central Visayas)
0701237000|San Isidro|Bohol|Region VII (Central Visayas)
0701238000|San Miguel|Bohol|Region VII (Central Visayas)
0701239000|Sevilla|Bohol|Region VII (Central Visayas)
0701240000|Sierra Bullones|Bohol|Region VII (Central Visayas)
0701241000|Sikatuna|Bohol|Region VII (Central Visayas)
0701243000|Talibon|Bohol|Region VII (Central Visayas)
0701244000|Trinidad|Bohol|Region VII (Central Visayas)
0701245000|Tubigon|Bohol|Region VII (Central Visayas)
0701246000|Ubay|Bohol|Region VII (Central Visayas)
0701247000|Valencia|Bohol|Region VII (Central Visayas)
0702201000|Alcantara|Cebu|Region VII (Central Visayas)
0702202000|Alcoy|Cebu|Region VII (Central Visayas)
0702203000|Alegria|Cebu|Region VII (Central Visayas)
0702204000|Aloguinsan|Cebu|Region VII (Central Visayas)
0702205000|Argao|Cebu|Region VII (Central Visayas)
0702206000|Asturias|Cebu|Region VII (Central Visayas)
0702207000|Badian|Cebu|Region VII (Central Visayas)
0702208000|Balamban|Cebu|Region VII (Central Visayas)
0702209000|Bantayan|Cebu|Region VII (Central Visayas)
0702210000|Barili|Cebu|Region VII (Central Visayas)
0702212000|Boljoon|Cebu|Region VII (Central Visayas)
0702213000|Borbon|Cebu|Region VII (Central Visayas)
0702215000|Carmen|Cebu|Region VII (Central Visayas)
0702216000|Catmon|Cebu|Region VII (Central Visayas)
0702211000|City of Bogo|Cebu|Region VII (Central Visayas)
0702214000|City of Carcar|Cebu|Region VII (Central Visayas)
0730600000|City of Cebu|Cebu|Region VII (Central Visayas)
0731100000|City of Lapu-Lapu|Cebu|Region VII (Central Visayas)
0731300000|City of Mandaue|Cebu|Region VII (Central Visayas)
0702234000|City of Naga|Cebu|Region VII (Central Visayas)
0702250000|City of Talisay|Cebu|Region VII (Central Visayas)
0702251000|City of Toledo|Cebu|Region VII (Central Visayas)
0702218000|Compostela|Cebu|Region VII (Central Visayas)
0702219000|Consolacion|Cebu|Region VII (Central Visayas)
0702220000|Cordova|Cebu|Region VII (Central Visayas)
0702221000|Daanbantayan|Cebu|Region VII (Central Visayas)
0702222000|Dalaguete|Cebu|Region VII (Central Visayas)
0702223000|Danao City|Cebu|Region VII (Central Visayas)
0702224000|Dumanjug|Cebu|Region VII (Central Visayas)
0702225000|Ginatilan|Cebu|Region VII (Central Visayas)
0702227000|Liloan|Cebu|Region VII (Central Visayas)
0702228000|Madridejos|Cebu|Region VII (Central Visayas)
0702229000|Malabuyoc|Cebu|Region VII (Central Visayas)
0702231000|Medellin|Cebu|Region VII (Central Visayas)
0702232000|Minglanilla|Cebu|Region VII (Central Visayas)
0702233000|Moalboal|Cebu|Region VII (Central Visayas)
0702235000|Oslob|Cebu|Region VII (Central Visayas)
0702236000|Pilar|Cebu|Region VII (Central Visayas)
0702237000|Pinamungajan|Cebu|Region VII (Central Visayas)
0702238000|Poro|Cebu|Region VII (Central Visayas)
0702239000|Ronda|Cebu|Region VII (Central Visayas)
0702240000|Samboan|Cebu|Region VII (Central Visayas)
0702241000|San Fernando|Cebu|Region VII (Central Visayas)
0702242000|San Francisco|Cebu|Region VII (Central Visayas)
0702243000|San Remigio|Cebu|Region VII (Central Visayas)
0702244000|Santa Fe|Cebu|Region VII (Central Visayas)
0702245000|Santander|Cebu|Region VII (Central Visayas)
0702246000|Sibonga|Cebu|Region VII (Central Visayas)
0702247000|Sogod|Cebu|Region VII (Central Visayas)
0702248000|Tabogon|Cebu|Region VII (Central Visayas)
0702249000|Tabuelan|Cebu|Region VII (Central Visayas)
0702252000|Tuburan|Cebu|Region VII (Central Visayas)
0702253000|Tudela|Cebu|Region VII (Central Visayas)
0807801000|Almeria|Biliran|Region VIII (Eastern Visayas)
0807802000|Biliran|Biliran|Region VIII (Eastern Visayas)
0807803000|Cabucgayan|Biliran|Region VIII (Eastern Visayas)
0807804000|Caibiran|Biliran|Region VIII (Eastern Visayas)
0807805000|Culaba|Biliran|Region VIII (Eastern Visayas)
0807806000|Kawayan|Biliran|Region VIII (Eastern Visayas)
0807807000|Maripipi|Biliran|Region VIII (Eastern Visayas)
0807808000|Naval|Biliran|Region VIII (Eastern Visayas)
0802601000|Arteche|Eastern Samar|Region VIII (Eastern Visayas)
0802602000|Balangiga|Eastern Samar|Region VIII (Eastern Visayas)
0802603000|Balangkayan|Eastern Samar|Region VIII (Eastern Visayas)
0802605000|Can-Avid|Eastern Samar|Region VIII (Eastern Visayas)
0802604000|City of Borongan|Eastern Samar|Region VIII (Eastern Visayas)
0802606000|Dolores|Eastern Samar|Region VIII (Eastern Visayas)
0802607000|General Macarthur|Eastern Samar|Region VIII (Eastern Visayas)
0802608000|Giporlos|Eastern Samar|Region VIII (Eastern Visayas)
0802609000|Guiuan|Eastern Samar|Region VIII (Eastern Visayas)
0802610000|Hernani|Eastern Samar|Region VIII (Eastern Visayas)
0802611000|Jipapad|Eastern Samar|Region VIII (Eastern Visayas)
0802612000|Lawaan|Eastern Samar|Region VIII (Eastern Visayas)
0802613000|Llorente|Eastern Samar|Region VIII (Eastern Visayas)
0802614000|Maslog|Eastern Samar|Region VIII (Eastern Visayas)
0802615000|Maydolong|Eastern Samar|Region VIII (Eastern Visayas)
0802616000|Mercedes|Eastern Samar|Region VIII (Eastern Visayas)
0802617000|Oras|Eastern Samar|Region VIII (Eastern Visayas)
0802618000|Quinapondan|Eastern Samar|Region VIII (Eastern Visayas)
0802619000|Salcedo|Eastern Samar|Region VIII (Eastern Visayas)
0802620000|San Julian|Eastern Samar|Region VIII (Eastern Visayas)
0802621000|San Policarpo|Eastern Samar|Region VIII (Eastern Visayas)
0802622000|Sulat|Eastern Samar|Region VIII (Eastern Visayas)
0802623000|Taft|Eastern Samar|Region VIII (Eastern Visayas)
0803701000|Abuyog|Leyte|Region VIII (Eastern Visayas)
0803702000|Alangalang|Leyte|Region VIII (Eastern Visayas)
0803703000|Albuera|Leyte|Region VIII (Eastern Visayas)
0803705000|Babatngon|Leyte|Region VIII (Eastern Visayas)
0803706000|Barugo|Leyte|Region VIII (Eastern Visayas)
0803707000|Bato|Leyte|Region VIII (Eastern Visayas)
0803710000|Burauen|Leyte|Region VIII (Eastern Visayas)
0803713000|Calubian|Leyte|Region VIII (Eastern Visayas)
0803714000|Capoocan|Leyte|Region VIII (Eastern Visayas)
0803715000|Carigara|Leyte|Region VIII (Eastern Visayas)
0803708000|City of Baybay|Leyte|Region VIII (Eastern Visayas)
0831600000|City of Tacloban|Leyte|Region VIII (Eastern Visayas)
0803717000|Dagami|Leyte|Region VIII (Eastern Visayas)
0803718000|Dulag|Leyte|Region VIII (Eastern Visayas)
0803719000|Hilongos|Leyte|Region VIII (Eastern Visayas)
0803720000|Hindang|Leyte|Region VIII (Eastern Visayas)
0803721000|Inopacan|Leyte|Region VIII (Eastern Visayas)
0803722000|Isabel|Leyte|Region VIII (Eastern Visayas)
0803723000|Jaro|Leyte|Region VIII (Eastern Visayas)
0803724000|Javier|Leyte|Region VIII (Eastern Visayas)
0803725000|Julita|Leyte|Region VIII (Eastern Visayas)
0803726000|Kananga|Leyte|Region VIII (Eastern Visayas)
0803728000|La Paz|Leyte|Region VIII (Eastern Visayas)
0803729000|Leyte|Leyte|Region VIII (Eastern Visayas)
0803730000|Macarthur|Leyte|Region VIII (Eastern Visayas)
0803731000|Mahaplag|Leyte|Region VIII (Eastern Visayas)
0803733000|Matag-Ob|Leyte|Region VIII (Eastern Visayas)
0803734000|Matalom|Leyte|Region VIII (Eastern Visayas)
0803735000|Mayorga|Leyte|Region VIII (Eastern Visayas)
0803736000|Merida|Leyte|Region VIII (Eastern Visayas)
0803738000|Ormoc City|Leyte|Region VIII (Eastern Visayas)
0803739000|Palo|Leyte|Region VIII (Eastern Visayas)
0803740000|Palompon|Leyte|Region VIII (Eastern Visayas)
0803741000|Pastrana|Leyte|Region VIII (Eastern Visayas)
0803742000|San Isidro|Leyte|Region VIII (Eastern Visayas)
0803743000|San Miguel|Leyte|Region VIII (Eastern Visayas)
0803744000|Santa Fe|Leyte|Region VIII (Eastern Visayas)
0803745000|Tabango|Leyte|Region VIII (Eastern Visayas)
0803746000|Tabontabon|Leyte|Region VIII (Eastern Visayas)
0803748000|Tanauan|Leyte|Region VIII (Eastern Visayas)
0803749000|Tolosa|Leyte|Region VIII (Eastern Visayas)
0803750000|Tunga|Leyte|Region VIII (Eastern Visayas)
0803751000|Villaba|Leyte|Region VIII (Eastern Visayas)
0804801000|Allen|Northern Samar|Region VIII (Eastern Visayas)
0804802000|Biri|Northern Samar|Region VIII (Eastern Visayas)
0804803000|Bobon|Northern Samar|Region VIII (Eastern Visayas)
0804804000|Capul|Northern Samar|Region VIII (Eastern Visayas)
0804805000|Catarman|Northern Samar|Region VIII (Eastern Visayas)
0804806000|Catubig|Northern Samar|Region VIII (Eastern Visayas)
0804807000|Gamay|Northern Samar|Region VIII (Eastern Visayas)
0804808000|Laoang|Northern Samar|Region VIII (Eastern Visayas)
0804809000|Lapinig|Northern Samar|Region VIII (Eastern Visayas)
0804810000|Las Navas|Northern Samar|Region VIII (Eastern Visayas)
0804811000|Lavezares|Northern Samar|Region VIII (Eastern Visayas)
0804824000|Lope De Vega|Northern Samar|Region VIII (Eastern Visayas)
0804812000|Mapanas|Northern Samar|Region VIII (Eastern Visayas)
0804813000|Mondragon|Northern Samar|Region VIII (Eastern Visayas)
0804814000|Palapag|Northern Samar|Region VIII (Eastern Visayas)
0804815000|Pambujan|Northern Samar|Region VIII (Eastern Visayas)
0804816000|Rosario|Northern Samar|Region VIII (Eastern Visayas)
0804817000|San Antonio|Northern Samar|Region VIII (Eastern Visayas)
0804818000|San Isidro|Northern Samar|Region VIII (Eastern Visayas)
0804819000|San Jose|Northern Samar|Region VIII (Eastern Visayas)
0804820000|San Roque|Northern Samar|Region VIII (Eastern Visayas)
0804821000|San Vicente|Northern Samar|Region VIII (Eastern Visayas)
0804822000|Silvino Lobos|Northern Samar|Region VIII (Eastern Visayas)
0804823000|Victoria|Northern Samar|Region VIII (Eastern Visayas)
0806001000|Almagro|Samar|Region VIII (Eastern Visayas)
0806002000|Basey|Samar|Region VIII (Eastern Visayas)
0806004000|Calbiga|Samar|Region VIII (Eastern Visayas)
0806003000|City of Calbayog|Samar|Region VIII (Eastern Visayas)
0806005000|City of Catbalogan|Samar|Region VIII (Eastern Visayas)
0806006000|Daram|Samar|Region VIII (Eastern Visayas)
0806007000|Gandara|Samar|Region VIII (Eastern Visayas)
0806008000|Hinabangan|Samar|Region VIII (Eastern Visayas)
0806009000|Jiabong|Samar|Region VIII (Eastern Visayas)
0806010000|Marabut|Samar|Region VIII (Eastern Visayas)
0806011000|Matuguinao|Samar|Region VIII (Eastern Visayas)
0806012000|Motiong|Samar|Region VIII (Eastern Visayas)
0806026000|Pagsanghan|Samar|Region VIII (Eastern Visayas)
0806022000|Paranas|Samar|Region VIII (Eastern Visayas)
0806013000|Pinabacdao|Samar|Region VIII (Eastern Visayas)
0806025000|San Jorge|Samar|Region VIII (Eastern Visayas)
0806014000|San Jose De Buan|Samar|Region VIII (Eastern Visayas)
0806015000|San Sebastian|Samar|Region VIII (Eastern Visayas)
0806016000|Santa Margarita|Samar|Region VIII (Eastern Visayas)
0806017000|Santa Rita|Samar|Region VIII (Eastern Visayas)
0806018000|Santo Niño|Samar|Region VIII (Eastern Visayas)
0806024000|Tagapul-An|Samar|Region VIII (Eastern Visayas)
0806019000|Talalora|Samar|Region VIII (Eastern Visayas)
0806020000|Tarangnan|Samar|Region VIII (Eastern Visayas)
0806021000|Villareal|Samar|Region VIII (Eastern Visayas)
0806023000|Zumarraga|Samar|Region VIII (Eastern Visayas)
0806401000|Anahawan|Southern Leyte|Region VIII (Eastern Visayas)
0806402000|Bontoc|Southern Leyte|Region VIII (Eastern Visayas)
0806407000|City of Maasin|Southern Leyte|Region VIII (Eastern Visayas)
0806403000|Hinunangan|Southern Leyte|Region VIII (Eastern Visayas)
0806404000|Hinundayan|Southern Leyte|Region VIII (Eastern Visayas)
0806405000|Libagon|Southern Leyte|Region VIII (Eastern Visayas)
0806406000|Liloan|Southern Leyte|Region VIII (Eastern Visayas)
0806419000|Limasawa|Southern Leyte|Region VIII (Eastern Visayas)
0806408000|Macrohon|Southern Leyte|Region VIII (Eastern Visayas)
0806409000|Malitbog|Southern Leyte|Region VIII (Eastern Visayas)
0806410000|Padre Burgos|Southern Leyte|Region VIII (Eastern Visayas)
0806411000|Pintuyan|Southern Leyte|Region VIII (Eastern Visayas)
0806412000|Saint Bernard|Southern Leyte|Region VIII (Eastern Visayas)
0806413000|San Francisco|Southern Leyte|Region VIII (Eastern Visayas)
0806414000|San Juan|Southern Leyte|Region VIII (Eastern Visayas)
0806415000|San Ricardo|Southern Leyte|Region VIII (Eastern Visayas)
0806416000|Silago|Southern Leyte|Region VIII (Eastern Visayas)
0806417000|Sogod|Southern Leyte|Region VIII (Eastern Visayas)
0806418000|Tomas Oppus|Southern Leyte|Region VIII (Eastern Visayas)
1001301000|Baungon|Bukidnon|Region X (Northern Mindanao)
1001322000|Cabanglasan|Bukidnon|Region X (Northern Mindanao)
1001312000|City of Malaybalay|Bukidnon|Region X (Northern Mindanao)
1001321000|City of Valencia|Bukidnon|Region X (Northern Mindanao)
1001302000|Damulog|Bukidnon|Region X (Northern Mindanao)
1001303000|Dangcagan|Bukidnon|Region X (Northern Mindanao)
1001304000|Don Carlos|Bukidnon|Region X (Northern Mindanao)
1001305000|Impasug-ong|Bukidnon|Region X (Northern Mindanao)
1001306000|Kadingilan|Bukidnon|Region X (Northern Mindanao)
1001307000|Kalilangan|Bukidnon|Region X (Northern Mindanao)
1001308000|Kibawe|Bukidnon|Region X (Northern Mindanao)
1001309000|Kitaotao|Bukidnon|Region X (Northern Mindanao)
1001310000|Lantapan|Bukidnon|Region X (Northern Mindanao)
1001311000|Libona|Bukidnon|Region X (Northern Mindanao)
1001313000|Malitbog|Bukidnon|Region X (Northern Mindanao)
1001314000|Manolo Fortich|Bukidnon|Region X (Northern Mindanao)
1001315000|Maramag|Bukidnon|Region X (Northern Mindanao)
1001316000|Pangantucan|Bukidnon|Region X (Northern Mindanao)
1001317000|Quezon|Bukidnon|Region X (Northern Mindanao)
1001318000|San Fernando|Bukidnon|Region X (Northern Mindanao)
1001319000|Sumilao|Bukidnon|Region X (Northern Mindanao)
1001320000|Talakag|Bukidnon|Region X (Northern Mindanao)
1001801000|Catarman|Camiguin|Region X (Northern Mindanao)
1001802000|Guinsiliban|Camiguin|Region X (Northern Mindanao)
1001803000|Mahinog|Camiguin|Region X (Northern Mindanao)
1001804000|Mambajao|Camiguin|Region X (Northern Mindanao)
1001805000|Sagay|Camiguin|Region X (Northern Mindanao)
1003501000|Bacolod|Lanao del Norte|Region X (Northern Mindanao)
1003502000|Baloi|Lanao del Norte|Region X (Northern Mindanao)
1003503000|Baroy|Lanao del Norte|Region X (Northern Mindanao)
1030900000|City of Iligan|Lanao del Norte|Region X (Northern Mindanao)
1003505000|Kapatagan|Lanao del Norte|Region X (Northern Mindanao)
1003507000|Kauswagan|Lanao del Norte|Region X (Northern Mindanao)
1003508000|Kolambugan|Lanao del Norte|Region X (Northern Mindanao)
1003509000|Lala|Lanao del Norte|Region X (Northern Mindanao)
1003510000|Linamon|Lanao del Norte|Region X (Northern Mindanao)
1003511000|Magsaysay|Lanao del Norte|Region X (Northern Mindanao)
1003512000|Maigo|Lanao del Norte|Region X (Northern Mindanao)
1003513000|Matungao|Lanao del Norte|Region X (Northern Mindanao)
1003514000|Munai|Lanao del Norte|Region X (Northern Mindanao)
1003515000|Nunungan|Lanao del Norte|Region X (Northern Mindanao)
1003516000|Pantao Ragat|Lanao del Norte|Region X (Northern Mindanao)
1003523000|Pantar|Lanao del Norte|Region X (Northern Mindanao)
1003517000|Poona Piagapo|Lanao del Norte|Region X (Northern Mindanao)
1003518000|Salvador|Lanao del Norte|Region X (Northern Mindanao)
1003519000|Sapad|Lanao del Norte|Region X (Northern Mindanao)
1003506000|Sultan Naga Dimaporo|Lanao del Norte|Region X (Northern Mindanao)
1003520000|Tagoloan|Lanao del Norte|Region X (Northern Mindanao)
1003521000|Tangcal|Lanao del Norte|Region X (Northern Mindanao)
1003522000|Tubod|Lanao del Norte|Region X (Northern Mindanao)
1004201000|Aloran|Misamis Occidental|Region X (Northern Mindanao)
1004202000|Baliangao|Misamis Occidental|Region X (Northern Mindanao)
1004203000|Bonifacio|Misamis Occidental|Region X (Northern Mindanao)
1004204000|Calamba|Misamis Occidental|Region X (Northern Mindanao)
1004209000|City of Oroquieta|Misamis Occidental|Region X (Northern Mindanao)
1004210000|City of Ozamiz|Misamis Occidental|Region X (Northern Mindanao)
1004215000|City of Tangub|Misamis Occidental|Region X (Northern Mindanao)
1004205000|Clarin|Misamis Occidental|Region X (Northern Mindanao)
1004206000|Concepcion|Misamis Occidental|Region X (Northern Mindanao)
1004217000|Don Victoriano Chiongbian|Misamis Occidental|Region X (Northern Mindanao)
1004207000|Jimenez|Misamis Occidental|Region X (Northern Mindanao)
1004208000|Lopez Jaena|Misamis Occidental|Region X (Northern Mindanao)
1004211000|Panaon|Misamis Occidental|Region X (Northern Mindanao)
1004212000|Plaridel|Misamis Occidental|Region X (Northern Mindanao)
1004213000|Sapang Dalaga|Misamis Occidental|Region X (Northern Mindanao)
1004214000|Sinacaban|Misamis Occidental|Region X (Northern Mindanao)
1004216000|Tudela|Misamis Occidental|Region X (Northern Mindanao)
1004301000|Alubijid|Misamis Oriental|Region X (Northern Mindanao)
1004302000|Balingasag|Misamis Oriental|Region X (Northern Mindanao)
1004303000|Balingoan|Misamis Oriental|Region X (Northern Mindanao)
1004304000|Binuangan|Misamis Oriental|Region X (Northern Mindanao)
1030500000|City of Cagayan De Oro|Misamis Oriental|Region X (Northern Mindanao)
1004307000|City of El Salvador|Misamis Oriental|Region X (Northern Mindanao)
1004308000|City of Gingoog|Misamis Oriental|Region X (Northern Mindanao)
1004306000|Claveria|Misamis Oriental|Region X (Northern Mindanao)
1004309000|Gitagum|Misamis Oriental|Region X (Northern Mindanao)
1004310000|Initao|Misamis Oriental|Region X (Northern Mindanao)
1004311000|Jasaan|Misamis Oriental|Region X (Northern Mindanao)
1004312000|Kinoguitan|Misamis Oriental|Region X (Northern Mindanao)
1004313000|Lagonglong|Misamis Oriental|Region X (Northern Mindanao)
1004314000|Laguindingan|Misamis Oriental|Region X (Northern Mindanao)
1004315000|Libertad|Misamis Oriental|Region X (Northern Mindanao)
1004316000|Lugait|Misamis Oriental|Region X (Northern Mindanao)
1004317000|Magsaysay|Misamis Oriental|Region X (Northern Mindanao)
1004318000|Manticao|Misamis Oriental|Region X (Northern Mindanao)
1004319000|Medina|Misamis Oriental|Region X (Northern Mindanao)
1004320000|Naawan|Misamis Oriental|Region X (Northern Mindanao)
1004321000|Opol|Misamis Oriental|Region X (Northern Mindanao)
1004322000|Salay|Misamis Oriental|Region X (Northern Mindanao)
1004323000|Sugbongcogon|Misamis Oriental|Region X (Northern Mindanao)
1004324000|Tagoloan|Misamis Oriental|Region X (Northern Mindanao)
1004325000|Talisayan|Misamis Oriental|Region X (Northern Mindanao)
1004326000|Villanueva|Misamis Oriental|Region X (Northern Mindanao)
1108601000|Don Marcelino|Davao Occidental|Region XI (Davao Region)
1108602000|Jose Abad Santos|Davao Occidental|Region XI (Davao Region)
1108603000|Malita|Davao Occidental|Region XI (Davao Region)
1108604000|Santa Maria|Davao Occidental|Region XI (Davao Region)
1108605000|Sarangani|Davao Occidental|Region XI (Davao Region)
1102501000|Baganga|Davao Oriental|Region XI (Davao Region)
1102502000|Banaybanay|Davao Oriental|Region XI (Davao Region)
1102503000|Boston|Davao Oriental|Region XI (Davao Region)
1102504000|Caraga|Davao Oriental|Region XI (Davao Region)
1102505000|Cateel|Davao Oriental|Region XI (Davao Region)
1102509000|City of Mati|Davao Oriental|Region XI (Davao Region)
1102506000|Governor Generoso|Davao Oriental|Region XI (Davao Region)
1102507000|Lupon|Davao Oriental|Region XI (Davao Region)
1102508000|Manay|Davao Oriental|Region XI (Davao Region)
1102510000|San Isidro|Davao Oriental|Region XI (Davao Region)
1102511000|Tarragona|Davao Oriental|Region XI (Davao Region)
1108201000|Compostela|Davao de Oro|Region XI (Davao Region)
1108202000|Laak|Davao de Oro|Region XI (Davao Region)
1108203000|Mabini|Davao de Oro|Region XI (Davao Region)
1108204000|Maco|Davao de Oro|Region XI (Davao Region)
1108205000|Maragusan|Davao de Oro|Region XI (Davao Region)
1108206000|Mawab|Davao de Oro|Region XI (Davao Region)
1108207000|Monkayo|Davao de Oro|Region XI (Davao Region)
1108208000|Montevista|Davao de Oro|Region XI (Davao Region)
1108209000|Nabunturan|Davao de Oro|Region XI (Davao Region)
1108210000|New Bataan|Davao de Oro|Region XI (Davao Region)
1108211000|Pantukan|Davao de Oro|Region XI (Davao Region)
1102301000|Asuncion|Davao del Norte|Region XI (Davao Region)
1102323000|Braulio E. Dujali|Davao del Norte|Region XI (Davao Region)
1102303000|Carmen|Davao del Norte|Region XI (Davao Region)
1102315000|City of Panabo|Davao del Norte|Region XI (Davao Region)
1102319000|City of Tagum|Davao del Norte|Region XI (Davao Region)
1102317000|Island Garden City of Samal|Davao del Norte|Region XI (Davao Region)
1102305000|Kapalong|Davao del Norte|Region XI (Davao Region)
1102314000|New Corella|Davao del Norte|Region XI (Davao Region)
1102324000|San Isidro|Davao del Norte|Region XI (Davao Region)
1102318000|Santo Tomas|Davao del Norte|Region XI (Davao Region)
1102322000|Talaingod|Davao del Norte|Region XI (Davao Region)
1102401000|Bansalan|Davao del Sur|Region XI (Davao Region)
1130700000|City of Davao|Davao del Sur|Region XI (Davao Region)
1102403000|City of Digos|Davao del Sur|Region XI (Davao Region)
1102404000|Hagonoy|Davao del Sur|Region XI (Davao Region)
1102406000|Kiblawan|Davao del Sur|Region XI (Davao Region)
1102407000|Magsaysay|Davao del Sur|Region XI (Davao Region)
1102408000|Malalag|Davao del Sur|Region XI (Davao Region)
1102410000|Matanao|Davao del Sur|Region XI (Davao Region)
1102411000|Padada|Davao del Sur|Region XI (Davao Region)
1102412000|Santa Cruz|Davao del Sur|Region XI (Davao Region)
1102414000|Sulop|Davao del Sur|Region XI (Davao Region)
1204701000|Alamada|Cotabato|Region XII (SOCCSKSARGEN)
1204717000|Aleosan|Cotabato|Region XII (SOCCSKSARGEN)
1204715000|Antipas|Cotabato|Region XII (SOCCSKSARGEN)
1204718000|Arakan|Cotabato|Region XII (SOCCSKSARGEN)
1204716000|Banisilan|Cotabato|Region XII (SOCCSKSARGEN)
1204702000|Carmen|Cotabato|Region XII (SOCCSKSARGEN)
1204704000|City of Kidapawan|Cotabato|Region XII (SOCCSKSARGEN)
1204703000|Kabacan|Cotabato|Region XII (SOCCSKSARGEN)
1204705000|Libungan|Cotabato|Region XII (SOCCSKSARGEN)
1204710000|M'Lang|Cotabato|Region XII (SOCCSKSARGEN)
1204706000|Magpet|Cotabato|Region XII (SOCCSKSARGEN)
1204707000|Makilala|Cotabato|Region XII (SOCCSKSARGEN)
1204708000|Matalam|Cotabato|Region XII (SOCCSKSARGEN)
1204709000|Midsayap|Cotabato|Region XII (SOCCSKSARGEN)
1204711000|Pigkawayan|Cotabato|Region XII (SOCCSKSARGEN)
1204712000|Pikit|Cotabato|Region XII (SOCCSKSARGEN)
1204713000|President Roxas|Cotabato|Region XII (SOCCSKSARGEN)
1204714000|Tulunan|Cotabato|Region XII (SOCCSKSARGEN)
1208001000|Alabel|Sarangani|Region XII (SOCCSKSARGEN)
1208002000|Glan|Sarangani|Region XII (SOCCSKSARGEN)
1208003000|Kiamba|Sarangani|Region XII (SOCCSKSARGEN)
1208004000|Maasim|Sarangani|Region XII (SOCCSKSARGEN)
1208005000|Maitum|Sarangani|Region XII (SOCCSKSARGEN)
1208006000|Malapatan|Sarangani|Region XII (SOCCSKSARGEN)
1208007000|Malungon|Sarangani|Region XII (SOCCSKSARGEN)
1206302000|Banga|South Cotabato|Region XII (SOCCSKSARGEN)
1230800000|City of General Santos|South Cotabato|Region XII (SOCCSKSARGEN)
1206306000|City of Koronadal|South Cotabato|Region XII (SOCCSKSARGEN)
1206319000|Lake Sebu|South Cotabato|Region XII (SOCCSKSARGEN)
1206311000|Norala|South Cotabato|Region XII (SOCCSKSARGEN)
1206312000|Polomolok|South Cotabato|Region XII (SOCCSKSARGEN)
1206318000|Santo Niño|South Cotabato|Region XII (SOCCSKSARGEN)
1206313000|Surallah|South Cotabato|Region XII (SOCCSKSARGEN)
1206316000|T'Boli|South Cotabato|Region XII (SOCCSKSARGEN)
1206314000|Tampakan|South Cotabato|Region XII (SOCCSKSARGEN)
1206315000|Tantangan|South Cotabato|Region XII (SOCCSKSARGEN)
1206317000|Tupi|South Cotabato|Region XII (SOCCSKSARGEN)
1206501000|Bagumbayan|Sultan Kudarat|Region XII (SOCCSKSARGEN)
1206511000|City of Tacurong|Sultan Kudarat|Region XII (SOCCSKSARGEN)
1206502000|Columbio|Sultan Kudarat|Region XII (SOCCSKSARGEN)
1206503000|Esperanza|Sultan Kudarat|Region XII (SOCCSKSARGEN)
1206504000|Isulan|Sultan Kudarat|Region XII (SOCCSKSARGEN)
1206505000|Kalamansig|Sultan Kudarat|Region XII (SOCCSKSARGEN)
1206508000|Lambayong|Sultan Kudarat|Region XII (SOCCSKSARGEN)
1206506000|Lebak|Sultan Kudarat|Region XII (SOCCSKSARGEN)
1206507000|Lutayan|Sultan Kudarat|Region XII (SOCCSKSARGEN)
1206509000|Palimbang|Sultan Kudarat|Region XII (SOCCSKSARGEN)
1206510000|President Quirino|Sultan Kudarat|Region XII (SOCCSKSARGEN)
1206512000|Sen. Ninoy Aquino|Sultan Kudarat|Region XII (SOCCSKSARGEN)
1600201000|Buenavista|Agusan del Norte|Region XIII (Caraga)
1600204000|Carmen|Agusan del Norte|Region XIII (Caraga)
1630400000|City of Butuan|Agusan del Norte|Region XIII (Caraga)
1600203000|City of Cabadbaran|Agusan del Norte|Region XIII (Caraga)
1600205000|Jabonga|Agusan del Norte|Region XIII (Caraga)
1600206000|Kitcharao|Agusan del Norte|Region XIII (Caraga)
1600207000|Las Nieves|Agusan del Norte|Region XIII (Caraga)
1600208000|Magallanes|Agusan del Norte|Region XIII (Caraga)
1600209000|Nasipit|Agusan del Norte|Region XIII (Caraga)
1600212000|Remedios T. Romualdez|Agusan del Norte|Region XIII (Caraga)
1600210000|Santiago|Agusan del Norte|Region XIII (Caraga)
1600211000|Tubay|Agusan del Norte|Region XIII (Caraga)
1600302000|Bunawan|Agusan del Sur|Region XIII (Caraga)
1600301000|City of Bayugan|Agusan del Sur|Region XIII (Caraga)
1600303000|Esperanza|Agusan del Sur|Region XIII (Caraga)
1600304000|La Paz|Agusan del Sur|Region XIII (Caraga)
1600305000|Loreto|Agusan del Sur|Region XIII (Caraga)
1600306000|Prosperidad|Agusan del Sur|Region XIII (Caraga)
1600307000|Rosario|Agusan del Sur|Region XIII (Caraga)
1600308000|San Francisco|Agusan del Sur|Region XIII (Caraga)
1600309000|San Luis|Agusan del Sur|Region XIII (Caraga)
1600310000|Santa Josefa|Agusan del Sur|Region XIII (Caraga)
1600314000|Sibagat|Agusan del Sur|Region XIII (Caraga)
1600311000|Talacogon|Agusan del Sur|Region XIII (Caraga)
1600312000|Trento|Agusan del Sur|Region XIII (Caraga)
1600313000|Veruela|Agusan del Sur|Region XIII (Caraga)
1608501000|Basilisa|Dinagat Islands|Region XIII (Caraga)
1608502000|Cagdianao|Dinagat Islands|Region XIII (Caraga)
1608503000|Dinagat|Dinagat Islands|Region XIII (Caraga)
1608504000|Libjo|Dinagat Islands|Region XIII (Caraga)
1608505000|Loreto|Dinagat Islands|Region XIII (Caraga)
1608506000|San Jose|Dinagat Islands|Region XIII (Caraga)
1608507000|Tubajon|Dinagat Islands|Region XIII (Caraga)
1606701000|Alegria|Surigao del Norte|Region XIII (Caraga)
1606702000|Bacuag|Surigao del Norte|Region XIII (Caraga)
1606704000|Burgos|Surigao del Norte|Region XIII (Caraga)
1606724000|City of Surigao|Surigao del Norte|Region XIII (Caraga)
1606706000|Claver|Surigao del Norte|Region XIII (Caraga)
1606707000|Dapa|Surigao del Norte|Region XIII (Caraga)
1606708000|Del Carmen|Surigao del Norte|Region XIII (Caraga)
1606710000|General Luna|Surigao del Norte|Region XIII (Caraga)
1606711000|Gigaquit|Surigao del Norte|Region XIII (Caraga)
1606714000|Mainit|Surigao del Norte|Region XIII (Caraga)
1606715000|Malimono|Surigao del Norte|Region XIII (Caraga)
1606716000|Pilar|Surigao del Norte|Region XIII (Caraga)
1606717000|Placer|Surigao del Norte|Region XIII (Caraga)
1606718000|San Benito|Surigao del Norte|Region XIII (Caraga)
1606719000|San Francisco|Surigao del Norte|Region XIII (Caraga)
1606720000|San Isidro|Surigao del Norte|Region XIII (Caraga)
1606721000|Santa Monica|Surigao del Norte|Region XIII (Caraga)
1606722000|Sison|Surigao del Norte|Region XIII (Caraga)
1606723000|Socorro|Surigao del Norte|Region XIII (Caraga)
1606725000|Tagana-An|Surigao del Norte|Region XIII (Caraga)
1606727000|Tubod|Surigao del Norte|Region XIII (Caraga)
1606801000|Barobo|Surigao del Sur|Region XIII (Caraga)
1606802000|Bayabas|Surigao del Sur|Region XIII (Caraga)
1606804000|Cagwait|Surigao del Sur|Region XIII (Caraga)
1606805000|Cantilan|Surigao del Sur|Region XIII (Caraga)
1606806000|Carmen|Surigao del Sur|Region XIII (Caraga)
1606807000|Carrascal|Surigao del Sur|Region XIII (Caraga)
1606803000|City of Bislig|Surigao del Sur|Region XIII (Caraga)
1606819000|City of Tandag|Surigao del Sur|Region XIII (Caraga)
1606808000|Cortes|Surigao del Sur|Region XIII (Caraga)
1606809000|Hinatuan|Surigao del Sur|Region XIII (Caraga)
1606810000|Lanuza|Surigao del Sur|Region XIII (Caraga)
1606811000|Lianga|Surigao del Sur|Region XIII (Caraga)
1606812000|Lingig|Surigao del Sur|Region XIII (Caraga)
1606813000|Madrid|Surigao del Sur|Region XIII (Caraga)
1606814000|Marihatag|Surigao del Sur|Region XIII (Caraga)
1606815000|San Agustin|Surigao del Sur|Region XIII (Caraga)
1606816000|San Miguel|Surigao del Sur|Region XIII (Caraga)
1606817000|Tagbina|Surigao del Sur|Region XIII (Caraga)
1606818000|Tago|Surigao del Sur|Region XIII (Caraga)
